/* auto-generated APRS icon sprite sheet -- see gen_icons.py. RGB565, 12x12 px each. */
#define APRS_ICON_SZ 12

typedef struct { char code; const uint16_t *px; } APRSIconDef;

static const uint16_t aprs_icon_px_0[] PROGMEM = {  // '>'
    0x0000,0x0000,0x0000,0x0000,0x0000,0x0000,0x0000,0x0000,0x0000,0x0000,0x0000,0x0000,
    0x0000,0x0000,0x0000,0x0000,0x0020,0x0000,0x0000,0x0020,0x0000,0x0000,0x0000,0x0000,
    0x0000,0x0000,0x10A2,0x426B,0x3A2A,0x3A2A,0x3A2A,0x3A2A,0x42AC,0x2145,0x0000,0x0000,
    0x0000,0x0000,0x31C7,0x42AD,0x0884,0x1106,0x1106,0x0884,0x4AEE,0x5B6F,0x0000,0x0000,
    0x10A3,0x7432,0x9557,0x5B90,0x3A4B,0x428C,0x428C,0x3A4B,0x5B90,0x9D98,0x7CB4,0x2986,
    0x5B4E,0xBEFE,0xAE5B,0xAE5B,0xB69C,0xB67C,0xB67C,0xB69C,0xAE5B,0xAE5B,0xBEDE,0x8D16,
    0x5B6F,0xB6BD,0xAE7C,0xB69C,0xA63B,0xA61A,0xA61A,0xA63B,0xB69C,0xB69C,0xB69C,0x8D16,
    0x530D,0x9DB8,0x3A08,0x638F,0xB6BD,0xB6BD,0xB6BD,0xB6BD,0x638F,0x39E8,0x9DB9,0x84B4,
    0x0041,0x1904,0x0820,0x0861,0x4ACC,0x532E,0x532E,0x4ACC,0x0861,0x0000,0x2966,0x10C3,
    0x0000,0x0020,0x18C3,0x10A2,0x0000,0x0000,0x0000,0x0000,0x1082,0x18C3,0x0020,0x0000,
    0x0000,0x0000,0x0020,0x0000,0x0000,0x0000,0x0000,0x0000,0x0000,0x0020,0x0000,0x0000,
    0x0000,0x0000,0x0000,0x0000,0x0000,0x0000,0x0000,0x0000,0x0000,0x0000,0x0000,0x0000,
};

static const uint16_t aprs_icon_px_1[] PROGMEM = {  // 'k'
    0x0000,0x0000,0x0000,0x0000,0x0000,0x0000,0x0000,0x0000,0x0000,0x0000,0x0000,0x0000,
    0x0000,0x0000,0x0000,0x0000,0x0000,0x0000,0x0000,0x0000,0x0000,0x0000,0x0000,0x0000,
    0x0000,0x0000,0x0000,0x0000,0x0000,0x0000,0x0000,0x0840,0x1060,0x1060,0x1040,0x0020,
    0x0000,0x0000,0x0000,0x0000,0x0000,0x0000,0x0000,0x9327,0x8308,0x72C7,0x8B48,0x51E4,
    0x18A1,0x3143,0x3122,0x3122,0x3122,0x3122,0x3963,0x9B68,0x2167,0x08E7,0x4A28,0x6224,
    0x72A6,0xDD2C,0xCCCB,0xD4EB,0xD4EB,0xD4EB,0xD4CB,0xA3A8,0x3187,0x1927,0x5248,0x6224,
    0x6265,0xD50C,0xD4EB,0xCCAB,0xC48A,0xC48B,0xC48A,0xABA8,0xA388,0xABC9,0xB3E9,0x59E4,
    0x7AC6,0xB42A,0x6266,0xBC6A,0xDD2C,0xD50C,0xD4EB,0xBC29,0xA388,0x5A05,0x9B68,0x6245,
    0x3143,0x2903,0x0001,0x3164,0x6A65,0x6245,0x6245,0x5A04,0x2923,0x0021,0x20E3,0x2902,
    0x0000,0x0861,0x18C3,0x0021,0x0000,0x0000,0x0000,0x0000,0x0021,0x18C3,0x0861,0x0000,
    0x0000,0x0000,0x0020,0x0000,0x0000,0x0000,0x0000,0x0000,0x0000,0x0020,0x0000,0x0000,
    0x0000,0x0000,0x0000,0x0000,0x0000,0x0000,0x0000,0x0000,0x0000,0x0000,0x0000,0x0000,
};

static const uint16_t aprs_icon_px_2[] PROGMEM = {  // '-'
    0x0000,0x0000,0x0000,0x0000,0x0000,0x0000,0x0000,0x0000,0x0000,0x0000,0x0000,0x0000,
    0x0000,0x0000,0x0000,0x0000,0x0000,0x40E2,0x6143,0x0000,0x0000,0x0000,0x0000,0x0000,
    0x0000,0x0000,0x0000,0x0000,0x5943,0xA246,0xAA66,0x6143,0x0000,0x0000,0x0000,0x0000,
    0x0000,0x0000,0x0000,0x6164,0xAA67,0x9A26,0x9A26,0xAA66,0x6984,0x0820,0x0000,0x0000,
    0x0000,0x0820,0x6123,0xAA26,0x99E5,0x99E5,0x9A05,0x99E5,0xAA26,0x8184,0x0820,0x0000,
    0x0820,0x71A4,0xBB49,0xAB29,0xAB29,0xAB29,0xAB09,0xAB29,0xAB29,0xB349,0x71A4,0x0820,
    0x0000,0x1881,0xC5B2,0xDE33,0xD613,0xDE53,0xDE54,0xD613,0xDE33,0xC5B2,0x1881,0x0000,
    0x0000,0x0841,0xC591,0xD613,0xD5F2,0xBD10,0xB4EF,0xCDD2,0xD613,0xC591,0x0841,0x0000,
    0x0000,0x0861,0xC591,0xD5F2,0xD613,0x72A7,0x51A4,0xCDB1,0xD613,0xC591,0x0861,0x0000,
    0x0000,0x0861,0xCDB2,0xDE33,0xDE53,0x7AE8,0x5A05,0xCDD2,0xDE33,0xCDB1,0x0861,0x0000,
    0x0000,0x0841,0xB530,0xC591,0xC5B1,0x6AA7,0x51C4,0xBD30,0xC591,0xB530,0x0841,0x0000,
    0x0000,0x0000,0x0861,0x0861,0x0861,0x0820,0x0020,0x0861,0x0861,0x0861,0x0000,0x0000,
};

static const uint16_t aprs_icon_px_3[] PROGMEM = {  // '_'
    0x0000,0x0000,0x0000,0x0000,0x0000,0x0000,0x0000,0x0000,0x0000,0x0000,0x0000,0x0000,
    0x0000,0x0000,0x0000,0x0000,0x0000,0x0000,0x0000,0x0000,0x0000,0x0000,0x0000,0x0000,
    0x0000,0x0000,0x0000,0x0000,0x0000,0x4A6A,0xAD76,0xA514,0x2966,0x0000,0x0000,0x0000,
    0x0000,0x0000,0x0000,0x0861,0x632D,0xF79F,0xEF7E,0xF79F,0xE71D,0x2966,0x0000,0x0000,
    0x0000,0x1082,0x8C72,0xD6BB,0xE73D,0xE71D,0xDEFD,0xDEDC,0xF79F,0xA535,0x0000,0x0000,
    0x0000,0x9CD3,0xFFFF,0xE71D,0xE71D,0xE71D,0xE71D,0xE71D,0xDEFD,0xE73E,0xA514,0x1082,
    0x1082,0xD69B,0xE71D,0xDEFD,0xE71D,0xDEFD,0xE71D,0xDEFD,0xE71D,0xDEFD,0xF7BF,0x6B6E,
    0x0020,0xB597,0xF7BF,0xDEFC,0xE71D,0xEF5E,0xE71D,0xEF5E,0xE71D,0xDEFC,0xF7BF,0x6B6E,
    0x0000,0x2966,0xC619,0xEF7E,0xEF5E,0xA515,0x2965,0xA515,0xEF5E,0xEF5E,0xA514,0x1082,
    0x0000,0x0000,0x0000,0x39E7,0x3186,0x0000,0x0000,0x0000,0x3186,0x3186,0x0000,0x0000,
    0x0000,0x0000,0x0000,0x0000,0x0000,0x0000,0x0000,0x0000,0x0000,0x0000,0x0000,0x0000,
    0x0000,0x0000,0x0000,0x0000,0x0000,0x0000,0x0000,0x0000,0x0000,0x0000,0x0000,0x0000,
};

static const uint16_t aprs_icon_px_4[] PROGMEM = {  // 'W'
    0x0000,0x0000,0x0000,0x0000,0x0000,0x0000,0x0000,0x0000,0x0000,0x0000,0x0000,0x0000,
    0x0000,0x0000,0x0000,0x0000,0x0000,0x0000,0x0000,0x0000,0x0000,0x0000,0x0000,0x0000,
    0x0000,0x0000,0x0000,0x0000,0x0000,0x4A6A,0xAD76,0xA514,0x2966,0x0000,0x0000,0x0000,
    0x0000,0x0000,0x0000,0x0861,0x632D,0xF79F,0xEF7E,0xF79F,0xE71D,0x2966,0x0000,0x0000,
    0x0000,0x1082,0x8C72,0xD6BB,0xE73D,0xE71D,0xDEFD,0xDEDC,0xF79F,0xA535,0x0000,0x0000,
    0x0000,0x9CD3,0xFFFF,0xE71D,0xE71D,0xE71D,0xE71D,0xE71D,0xDEFD,0xE73E,0xA514,0x1082,
    0x1082,0xD69B,0xE71D,0xDEFD,0xE71D,0xDEFD,0xE71D,0xDEFD,0xE71D,0xDEFD,0xF7BF,0x6B6E,
    0x0020,0xB597,0xF7BF,0xDEFC,0xE71D,0xEF5E,0xE71D,0xEF5E,0xE71D,0xDEFC,0xF7BF,0x6B6E,
    0x0000,0x2966,0xC619,0xEF7E,0xEF5E,0xA515,0x2965,0xA515,0xEF5E,0xEF5E,0xA514,0x1082,
    0x0000,0x0000,0x0000,0x39E7,0x3186,0x0000,0x0000,0x0000,0x3186,0x3186,0x0000,0x0000,
    0x0000,0x0000,0x0000,0x0000,0x0000,0x0000,0x0000,0x0000,0x0000,0x0000,0x0000,0x0000,
    0x0000,0x0000,0x0000,0x0000,0x0000,0x0000,0x0000,0x0000,0x0000,0x0000,0x0000,0x0000,
};

static const uint16_t aprs_icon_px_5[] PROGMEM = {  // 'b'
    0x0000,0x0000,0x0000,0x0000,0x0000,0x0000,0x0000,0x0000,0x0000,0x0000,0x0000,0x0000,
    0x0000,0x0000,0x0000,0x0000,0x0000,0x0000,0x0000,0x0000,0x0000,0x0000,0x0000,0x0000,
    0x0000,0x0000,0x0000,0x0000,0x0000,0x0000,0x0000,0x0000,0x0000,0x0000,0x0000,0x0000,
    0x0000,0x0000,0x0000,0x0000,0x0000,0x1189,0x1A4E,0x0000,0x0000,0x0000,0x0000,0x0000,
    0x0000,0x0000,0x0000,0x0000,0x0062,0x33D7,0x3C3A,0x1127,0x0000,0x0000,0x0000,0x0000,
    0x0000,0x0000,0x18C1,0x0860,0x2B34,0x2B13,0x0906,0x2B97,0x0861,0x18C1,0x0000,0x0000,
    0x0860,0x73C4,0x9443,0x6C4E,0x3C9B,0x1127,0x0000,0x3373,0x6491,0x9443,0x73C4,0x0860,
    0x7384,0x5262,0x0085,0x33D8,0x5C31,0x10A1,0x18C0,0x8426,0x33D8,0x0085,0x5262,0x7384,
    0x9CC5,0x0000,0x00C6,0x010A,0x7408,0x3181,0x31C2,0x6B22,0x00C8,0x08E6,0x0000,0x9CC5,
    0x5AC3,0x73A4,0x10A0,0x3180,0x8C64,0x0840,0x0840,0x9485,0x3180,0x10A0,0x73A4,0x5AC3,
    0x0000,0x5283,0x8C65,0x7BC4,0x2101,0x0000,0x0000,0x2101,0x7BC4,0x8C65,0x5283,0x0000,
    0x0000,0x0000,0x0000,0x0000,0x0000,0x0000,0x0000,0x0000,0x0000,0x0000,0x0000,0x0000,
};

static const uint16_t aprs_icon_px_6[] PROGMEM = {  // 'v'
    0x0000,0x0000,0x0000,0x0000,0x0000,0x0000,0x0000,0x0000,0x0000,0x0000,0x0000,0x0000,
    0x0000,0x0000,0x0000,0x0000,0x0000,0x0000,0x0000,0x0000,0x0000,0x0000,0x0000,0x0000,
    0x0000,0x0000,0x0000,0x0000,0x0000,0x0000,0x0000,0x0000,0x0000,0x0000,0x0000,0x0000,
    0x0000,0x2189,0x4B33,0x4AF1,0x4B12,0x42F1,0x42D1,0x42D1,0x42D1,0x42F2,0x320C,0x0020,
    0x0001,0x8D19,0xD75F,0xC6DE,0xCF3F,0x957C,0x53B8,0x6419,0x5BF9,0x5BF9,0x6419,0x1906,
    0x0001,0x84F8,0xCEFE,0xBE9C,0xCEFD,0x8D3A,0x5377,0x5BD7,0x5BB7,0x5BB7,0x5BD8,0x1906,
    0x0021,0x5B96,0x6439,0x6419,0x63F8,0x5BD7,0x5BB7,0x5BD7,0x5BF8,0x5BF8,0x5BF8,0x1906,
    0x0041,0x4B34,0x2989,0x31EB,0x5BD8,0x5BF9,0x5BF9,0x5BF8,0x31EB,0x2168,0x5BB7,0x1906,
    0x0000,0x10A3,0x1081,0x1061,0x3A4E,0x42F2,0x42F2,0x3A4E,0x1061,0x1061,0x1905,0x0021,
    0x0000,0x0000,0x10A2,0x1082,0x0000,0x0000,0x0000,0x0000,0x1082,0x10A2,0x0000,0x0000,
    0x0000,0x0000,0x0000,0x0000,0x0000,0x0000,0x0000,0x0000,0x0000,0x0000,0x0000,0x0000,
    0x0000,0x0000,0x0000,0x0000,0x0000,0x0000,0x0000,0x0000,0x0000,0x0000,0x0000,0x0000,
};

static const uint16_t aprs_icon_px_7[] PROGMEM = {  // 'R'
    0x0000,0x0000,0x0000,0x0000,0x0000,0x0000,0x0000,0x0000,0x0000,0x0000,0x0000,0x0000,
    0x0000,0x0000,0x0000,0x0000,0x0000,0x0000,0x0000,0x0000,0x0000,0x0000,0x0000,0x0000,
    0x0000,0x1061,0x1881,0x1081,0x1081,0x1081,0x1081,0x1061,0x0861,0x1061,0x0861,0x0000,
    0x4A68,0xB618,0xADD7,0xBE17,0xC657,0xADD8,0xB5F7,0xDE97,0xDE97,0xDE97,0xE6B7,0x7BCD,
    0x7BEE,0x9E5C,0x7D7A,0xAE3A,0xC69A,0x7D9B,0x8DDB,0xEF3A,0xF759,0xEF39,0xFF9A,0xC615,
    0x7B8C,0xDEB9,0xC617,0xD657,0xDE77,0xCE37,0xD657,0xE697,0xE697,0xDE76,0xEED8,0xB532,
    0x81C6,0xBAAA,0xC30B,0xC2EB,0xB289,0xB289,0xB289,0xB269,0xBAEB,0xC30B,0xBA8A,0x8A07,
    0x83AD,0xF739,0x7B8C,0x9C70,0xF719,0xF6F8,0xF6F8,0xF739,0x9C70,0x838C,0xF719,0xBD73,
    0x3185,0x738C,0x0000,0x0882,0x9490,0xB573,0xB573,0x9490,0x0882,0x0000,0x73AD,0x5289,
    0x0000,0x0000,0x18C3,0x1082,0x0000,0x0000,0x0000,0x0000,0x1082,0x18C3,0x0000,0x0000,
    0x0000,0x0000,0x0020,0x0000,0x0000,0x0000,0x0000,0x0000,0x0000,0x0020,0x0000,0x0000,
    0x0000,0x0000,0x0000,0x0000,0x0000,0x0000,0x0000,0x0000,0x0000,0x0000,0x0000,0x0000,
};

static const uint16_t aprs_icon_px_8[] PROGMEM = {  // 'j'
    0x0000,0x0000,0x0000,0x0000,0x0000,0x0000,0x0000,0x0000,0x0000,0x0000,0x0000,0x0000,
    0x0000,0x0000,0x0000,0x0000,0x0000,0x0000,0x0000,0x0000,0x0000,0x0000,0x0000,0x0000,
    0x0000,0x0000,0x10C2,0x2143,0x2123,0x2143,0x2143,0x2123,0x2143,0x10C2,0x0000,0x0000,
    0x0000,0x0000,0x4265,0x2143,0x1922,0x1922,0x1922,0x1922,0x2143,0x4265,0x0000,0x0000,
    0x0000,0x0840,0x3205,0x0000,0x0000,0x0000,0x0000,0x0000,0x0000,0x3205,0x0840,0x0000,
    0x0840,0x5B88,0x6C09,0x63C9,0x6BC9,0x6BC9,0x6BC9,0x6BC9,0x63C9,0x6C09,0x5B88,0x0840,
    0x0840,0x6BE9,0x746A,0x744A,0x742A,0x6C0A,0x6C0A,0x742A,0x744A,0x746A,0x6BE9,0x0840,
    0x0860,0x6388,0x29A4,0x3A05,0x742A,0x742A,0x742A,0x742A,0x3A05,0x29A4,0x6388,0x0860,
    0x0020,0x10C2,0x0862,0x1082,0x18E2,0x1902,0x1902,0x18E2,0x1082,0x0862,0x10C2,0x0020,
    0x0000,0x0000,0x10A2,0x1082,0x0000,0x0000,0x0000,0x0000,0x1082,0x10A2,0x0000,0x0000,
    0x0000,0x0000,0x0000,0x0000,0x0000,0x0000,0x0000,0x0000,0x0000,0x0000,0x0000,0x0000,
    0x0000,0x0000,0x0000,0x0000,0x0000,0x0000,0x0000,0x0000,0x0000,0x0000,0x0000,0x0000,
};

static const uint16_t aprs_icon_px_9[] PROGMEM = {  // 'f'
    0x0000,0x0000,0x0000,0x0000,0x0000,0x0000,0x0000,0x0000,0x0000,0x0000,0x0000,0x0000,
    0x0000,0x0000,0x0000,0x0000,0x0000,0x0000,0x0000,0x0000,0x0000,0x0000,0x0000,0x0000,
    0x0000,0x0000,0x0000,0x0000,0x0000,0x0000,0x0000,0x0000,0x0000,0x0000,0x0000,0x0000,
    0x0000,0x0000,0x1082,0x0882,0x1082,0x1082,0x1061,0x70A2,0x8104,0x7904,0x80E3,0x4041,
    0x1800,0x59C6,0xDEB7,0xD655,0xD655,0xDEB7,0xB4D0,0xA104,0xE659,0xE73C,0xD3CF,0x5800,
    0x70A2,0xD965,0xC1C6,0xC9C6,0xC9C6,0xC9C6,0xC985,0xA945,0xD618,0xDF3C,0xC3AE,0x5000,
    0x60A2,0xD145,0xD124,0xC924,0xC104,0xC104,0xC104,0xA8E3,0xA945,0xB945,0xB924,0x5861,
    0x78A2,0xB124,0x60E3,0xB945,0xD965,0xD165,0xD145,0xB904,0xA0C3,0x50A2,0x98E3,0x6082,
    0x3041,0x28A2,0x0082,0x30A2,0x68A2,0x60A2,0x6082,0x5882,0x30A2,0x00A2,0x20A2,0x2841,
    0x0000,0x0861,0x18C3,0x0041,0x0000,0x0000,0x0000,0x0000,0x0041,0x18C3,0x0861,0x0000,
    0x0000,0x0000,0x0020,0x0000,0x0000,0x0000,0x0000,0x0000,0x0000,0x0020,0x0000,0x0000,
    0x0000,0x0000,0x0000,0x0000,0x0000,0x0000,0x0000,0x0000,0x0000,0x0000,0x0000,0x0000,
};

static const uint16_t aprs_icon_px_10[] PROGMEM = {  // 'a'
    0x0000,0x0000,0x0000,0x0000,0x0000,0x0000,0x0000,0x0000,0x0000,0x0000,0x0000,0x0000,
    0x0000,0x0000,0x0000,0x0000,0x0000,0x0000,0x0000,0x0000,0x0000,0x0000,0x0000,0x0000,
    0x0000,0x0000,0x0000,0x0000,0x0000,0x0000,0x0000,0x0000,0x0000,0x0000,0x0000,0x0000,
    0x10A2,0x9CF3,0xB596,0xAD75,0xAD75,0xB5B6,0xB5B6,0xAD75,0xAD75,0xB596,0xA534,0x3186,
    0x4208,0xFFFF,0xF7BE,0xF7BE,0xFFFF,0xECD3,0xECD3,0xFFFF,0xF7BE,0xF7BE,0xFFFF,0x8430,
    0x39E7,0xEF7D,0xE71C,0xE77D,0xE5F7,0xC0A2,0xC0A2,0xE5F7,0xE77D,0xE71C,0xF7BE,0x7BEF,
    0x4208,0xF7BE,0xF7BE,0xF7BE,0xEF9E,0xD451,0xD451,0xEF9E,0xF7BE,0xF7BE,0xFFDF,0x8410,
    0x39C7,0xE71C,0x528A,0x738E,0xFFDF,0xFFFF,0xFFFF,0xFFDF,0x738E,0x4A69,0xEF7D,0x73AE,
    0x0841,0x3186,0x0020,0x0020,0x5AEB,0x7BCF,0x7BCF,0x5AEB,0x0841,0x0020,0x39C7,0x10A2,
    0x0000,0x0000,0x10A2,0x1082,0x0000,0x0000,0x0000,0x0000,0x1082,0x10A2,0x0000,0x0000,
    0x0000,0x0000,0x0000,0x0000,0x0000,0x0020,0x0020,0x0000,0x0000,0x0000,0x0000,0x0000,
    0x0000,0x0000,0x0000,0x0000,0x0000,0x0000,0x0000,0x0000,0x0000,0x0000,0x0000,0x0000,
};

static const uint16_t aprs_icon_px_11[] PROGMEM = {  // 'U'
    0x0000,0x0000,0x0000,0x0000,0x0000,0x0000,0x0000,0x0000,0x0000,0x0000,0x0000,0x0000,
    0x0000,0x0000,0x0000,0x0000,0x0000,0x0000,0x0000,0x0000,0x0000,0x0000,0x0000,0x0000,
    0x0000,0x0000,0x0000,0x0000,0x0000,0x0000,0x0000,0x0000,0x0000,0x0000,0x0000,0x0000,
    0x3141,0xA464,0xA464,0xA464,0xA465,0xA464,0xA464,0xA464,0xA464,0xA464,0xAC84,0x5A61,
    0x7B44,0xAE59,0x9DF7,0xBE10,0x8DFC,0xC610,0xA5F8,0xB614,0xB613,0x8DDC,0xE66A,0xC503,
    0x7303,0xADF4,0xA5B3,0xBDAD,0x9597,0xBDCD,0xA5B3,0xADB0,0xB5B0,0x9597,0xD5E9,0xB4A3,
    0x7B42,0xFE64,0xDDA3,0xE604,0xE5E3,0xE5E4,0xE5E4,0xE5E4,0xE604,0xDDC3,0xF645,0xB4C4,
    0x6AE2,0xCD45,0x18C2,0x62C3,0xEE45,0xEE25,0xEE25,0xEE45,0x62C3,0x18C2,0xCD45,0xAC83,
    0x0840,0x18C1,0x0862,0x0882,0x3161,0x3981,0x3981,0x3161,0x0882,0x0862,0x2101,0x1080,
    0x0000,0x0000,0x1081,0x0841,0x0000,0x0000,0x0000,0x0000,0x0841,0x1081,0x0000,0x0000,
    0x0000,0x0000,0x0000,0x0000,0x0000,0x0000,0x0000,0x0000,0x0000,0x0000,0x0000,0x0000,
    0x0000,0x0000,0x0000,0x0000,0x0000,0x0000,0x0000,0x0000,0x0000,0x0000,0x0000,0x0000,
};

static const uint16_t aprs_icon_px_12[] PROGMEM = {  // 'Y'
    0x0000,0x0000,0x0000,0x0000,0x0000,0x0000,0x0000,0x0000,0x0000,0x0000,0x0000,0x0000,
    0x0000,0x0000,0x0000,0x0000,0x0000,0x20E3,0x3123,0x0000,0x0000,0x0000,0x0000,0x0000,
    0x0000,0x0000,0x0000,0x0000,0x0000,0x9471,0x49C6,0x0000,0x0000,0x0000,0x0000,0x0000,
    0x0000,0x0000,0x0000,0x0000,0x39C7,0xF77D,0x3143,0x0000,0x0000,0x0000,0x0000,0x0000,
    0x0000,0x0000,0x0000,0x0020,0xBDF7,0xF77D,0x3123,0x0000,0x0000,0x0000,0x0000,0x0000,
    0x0000,0x0020,0x0000,0x52AA,0xFFFF,0xE6FB,0x3144,0x0000,0x0000,0x0000,0x0000,0x0000,
    0x0000,0x0000,0x10A3,0xDF1C,0xF7FF,0xEF7D,0x3124,0x0000,0x0000,0x0000,0x0000,0x0000,
    0x0020,0x4983,0x93AB,0xC573,0xBD32,0xBD11,0x7286,0x6A45,0x6A45,0x7A86,0x51C4,0x0000,
    0x0000,0x1020,0x8AA5,0x92C4,0x92C4,0x92C4,0xA326,0xA326,0xA347,0x9B06,0x1860,0x0000,
    0x0883,0x1107,0x31A8,0x838D,0x836C,0x836C,0x834C,0x7B4C,0x8B8C,0x4229,0x0906,0x0883,
    0x0883,0x1107,0x08E6,0x08C6,0x08E6,0x08E6,0x08E6,0x08E6,0x08E6,0x08E6,0x1107,0x0883,
    0x0000,0x0000,0x0000,0x0000,0x0000,0x0000,0x0000,0x0000,0x0000,0x0000,0x0000,0x0000,
};

static const uint16_t aprs_icon_px_13[] PROGMEM = {  // 'O'
    0x0000,0x0000,0x0000,0x0000,0x0000,0x38C3,0x38C3,0x0000,0x0000,0x0000,0x0000,0x0000,
    0x0000,0x0000,0x0000,0x2882,0xBA69,0xE2EB,0xE2EB,0xBA69,0x2882,0x0000,0x0000,0x0000,
    0x0000,0x0000,0x1041,0xCAAA,0xEB0C,0xDACB,0xDACB,0xEB0C,0xCAAA,0x1041,0x0000,0x0000,
    0x0000,0x0000,0x6145,0xEB0C,0xD2AA,0xDACB,0xDACB,0xD2AA,0xEB0C,0x6145,0x0000,0x0000,
    0x0000,0x0000,0x7165,0xEB0C,0xD2AA,0xDACB,0xDACB,0xD2AA,0xEB0C,0x7165,0x0000,0x0000,
    0x0000,0x0000,0x2061,0xE2EB,0xE2EB,0xDACB,0xDACB,0xE2EB,0xE2EB,0x2061,0x0000,0x0000,
    0x0000,0x0000,0x0000,0x5104,0xE2EB,0xE2EB,0xE2EB,0xE2EB,0x5104,0x0000,0x0000,0x0000,
    0x0000,0x0000,0x0000,0x0000,0x2061,0xA208,0xB249,0x2061,0x0000,0x0000,0x0000,0x0000,
    0x0000,0x0000,0x0000,0x0000,0x0000,0x91C7,0xAA08,0x0000,0x0000,0x0000,0x0000,0x0000,
    0x0000,0x0000,0x0000,0x0000,0x1061,0x51A5,0x51A4,0x1061,0x0000,0x0000,0x0000,0x0000,
    0x0000,0x0000,0x0000,0x0000,0x20C2,0x8328,0x8328,0x20C2,0x0000,0x0000,0x0000,0x0000,
    0x0000,0x0000,0x0000,0x0000,0x0820,0x20C2,0x20C2,0x0820,0x0000,0x0000,0x0000,0x0000,
};

static const uint16_t aprs_icon_px_14[] PROGMEM = {  // 'g'
    0x0000,0x0000,0x0000,0x0000,0x0000,0x0000,0x0000,0x0000,0x0000,0x0000,0x0000,0x0000,
    0x0000,0x0000,0x0000,0x0000,0x0000,0x0000,0x0000,0x0000,0x0000,0x0000,0x0000,0x0000,
    0x0000,0x0000,0x0000,0x0000,0x0000,0x0000,0x0000,0x0000,0x0000,0x0000,0x0000,0x0000,
    0x0000,0x0000,0x0000,0x0020,0x0000,0x2104,0x2104,0x0000,0x0020,0x0000,0x0000,0x0000,
    0x0000,0x0000,0x0000,0x0000,0x0000,0x8411,0x8411,0x0000,0x0000,0x0000,0x0000,0x0000,
    0x10A2,0x2945,0x4A49,0x6B6E,0x8C51,0x9CD4,0x9CD4,0x94B3,0x6B6E,0x4A49,0x2945,0x10A2,
    0x2125,0x31A6,0x6B6E,0x73AF,0x9CF4,0x94B4,0x94B3,0xA515,0x8410,0x6B6E,0x31A6,0x2125,
    0x0000,0x0000,0x0000,0x0000,0x0000,0x738E,0x738E,0x0000,0x0000,0x0000,0x0000,0x0000,
    0x0000,0x0000,0x0000,0x0020,0x0000,0x0861,0x0861,0x0000,0x0020,0x0000,0x0000,0x0000,
    0x0000,0x0000,0x0000,0x0000,0x0000,0x0000,0x0000,0x0000,0x0000,0x0000,0x0000,0x0000,
    0x0000,0x0000,0x0000,0x0000,0x0000,0x0000,0x0000,0x0000,0x0000,0x0000,0x0000,0x0000,
    0x0000,0x0000,0x0000,0x0000,0x0000,0x0000,0x0000,0x0000,0x0000,0x0000,0x0000,0x0000,
};

static const uint16_t aprs_icon_px_15[] PROGMEM = {  // '\''
    0x0000,0x0000,0x0000,0x0000,0x0000,0x0000,0x0000,0x0000,0x0000,0x0000,0x0000,0x0000,
    0x0000,0x0000,0x0000,0x0000,0x0000,0x0000,0x0000,0x0000,0x0000,0x0000,0x0000,0x0000,
    0x0000,0x0000,0x0000,0x0000,0x0000,0x0000,0x738E,0x3186,0x0000,0x0000,0x0000,0x0000,
    0x0000,0x0000,0x0000,0x0020,0x0000,0x39C7,0xDEDC,0x18E3,0x0000,0x0020,0x0000,0x0861,
    0x0000,0x0000,0x0000,0x0000,0x0020,0xBDF8,0xCE5A,0x0000,0x0000,0x0000,0x5AEC,0x4229,
    0x0000,0x1082,0x4229,0x4208,0x8C52,0xE71D,0xB5B7,0x4229,0x4208,0x528A,0xDEDC,0x4208,
    0x0000,0x2945,0xAD76,0xA535,0xBDF8,0xDEDC,0xC639,0xA535,0xA535,0xAD76,0x528A,0x0861,
    0x0000,0x0000,0x0000,0x0000,0x1082,0xCE5A,0xC619,0x0000,0x0000,0x0000,0x0000,0x0000,
    0x0000,0x0000,0x0000,0x0020,0x0000,0x4229,0xDEDC,0x18E3,0x0000,0x0020,0x0000,0x0000,
    0x0000,0x0000,0x0000,0x0000,0x0000,0x0000,0x738E,0x3186,0x0000,0x0000,0x0000,0x0000,
    0x0000,0x0000,0x0000,0x0000,0x0000,0x0000,0x0000,0x0000,0x0000,0x0000,0x0000,0x0000,
    0x0000,0x0000,0x0000,0x0000,0x0000,0x0000,0x0000,0x0000,0x0000,0x0000,0x0000,0x0000,
};

static const uint16_t aprs_icon_px_16[] PROGMEM = {  // '^'
    0x0000,0x0000,0x0000,0x0000,0x0000,0x0000,0x0000,0x0000,0x0000,0x0000,0x0000,0x0000,
    0x0000,0x0000,0x0000,0x0000,0x0000,0x0861,0x4AED,0x0021,0x0000,0x0000,0x0000,0x0000,
    0x0000,0x0000,0x0000,0x0000,0x0000,0x5B6F,0xA5FB,0x0020,0x0000,0x0000,0x0000,0x0000,
    0x0000,0x0000,0x0020,0x0000,0x0882,0xAE5C,0x7453,0x0000,0x0020,0x0020,0x0000,0x0000,
    0x0000,0x0000,0x0000,0x0000,0x63D1,0xC73F,0x4AAC,0x0000,0x0000,0x0000,0x0000,0x0000,
    0x0000,0x428B,0x63B0,0x6390,0xA61B,0xB67D,0x7C94,0x5B6F,0x5B6F,0x63B0,0x428B,0x0000,
    0x0000,0x63D1,0x9578,0x8D37,0xAE5D,0xAE5D,0x9DBA,0x8D37,0x8D17,0x9578,0x63D1,0x0000,
    0x0000,0x0000,0x0000,0x0000,0x6C12,0xC73F,0x4ACC,0x0000,0x0000,0x0000,0x0000,0x0000,
    0x0000,0x0000,0x0020,0x0000,0x10C3,0xB6BE,0x7433,0x0000,0x0020,0x0000,0x0000,0x0000,
    0x0000,0x0000,0x0000,0x0000,0x0000,0x6390,0xA5FB,0x0020,0x0000,0x0000,0x0000,0x0000,
    0x0000,0x0000,0x0000,0x0000,0x0000,0x0861,0x4AED,0x0021,0x0000,0x0000,0x0000,0x0000,
    0x0000,0x0000,0x0000,0x0000,0x0000,0x0000,0x0000,0x0000,0x0000,0x0000,0x0000,0x0000,
};

static const uint16_t aprs_icon_px_17[] PROGMEM = {  // 'r'
    0x0000,0x08A3,0x3B30,0x08C3,0x1987,0x32EE,0x32CE,0x1987,0x08C3,0x3B30,0x08A3,0x0000,
    0x0020,0x32EE,0x08C4,0x21C9,0x2A6C,0x2166,0x29C8,0x2A6C,0x21C9,0x08C4,0x32EE,0x0020,
    0x08A3,0x1967,0x1967,0x2A2B,0x0000,0x39C7,0x630C,0x0000,0x2A4B,0x1967,0x1967,0x08A3,
    0x0000,0x0000,0x0882,0x0020,0x0000,0x39E8,0x630D,0x0000,0x0020,0x0882,0x0000,0x0000,
    0x0000,0x0000,0x0000,0x0000,0x0000,0x39E7,0x630D,0x0000,0x0000,0x0000,0x0000,0x0000,
    0x0000,0x0000,0x0000,0x0000,0x0000,0x39E7,0x630D,0x0000,0x0000,0x0000,0x0000,0x0000,
    0x0000,0x0000,0x0000,0x0000,0x0000,0x39E7,0x630D,0x0000,0x0000,0x0000,0x0000,0x0000,
    0x0000,0x0000,0x0000,0x0000,0x0000,0x39E8,0x630D,0x0000,0x0020,0x0000,0x0000,0x0000,
    0x0000,0x0000,0x0000,0x0000,0x0000,0x3186,0x5ACC,0x0000,0x0000,0x0000,0x0000,0x0000,
    0x0000,0x0000,0x0000,0x18E4,0x4208,0x6B4D,0x8431,0x4208,0x2104,0x0000,0x0000,0x0000,
    0x0000,0x0000,0x0000,0x3186,0x6B4D,0x5AEC,0x5ACC,0x6B4D,0x3186,0x0000,0x0000,0x0000,
    0x0000,0x0000,0x0000,0x0000,0x0000,0x0000,0x0000,0x0000,0x0000,0x0000,0x0000,0x0000,
};

static const uint16_t aprs_icon_px_18[] PROGMEM = {  // '#'
    0x0000,0x0000,0x0000,0x0000,0x0000,0x0000,0x0000,0x0000,0x0000,0x0000,0x0000,0x0000,
    0x0000,0x0000,0x0000,0x0000,0x1020,0xC1E7,0xC208,0x1020,0x0000,0x0000,0x0000,0x0000,
    0x0000,0x0000,0x0000,0x0000,0x40A2,0xFAAA,0xFAAA,0x40A2,0x0000,0x0000,0x0000,0x0000,
    0x0000,0x0000,0x0000,0x0000,0x0000,0xA1E7,0xAA49,0x0000,0x0000,0x0000,0x0000,0x0000,
    0x0000,0x0000,0x0000,0x0000,0x0000,0x31E7,0x634D,0x0000,0x0020,0x0000,0x0000,0x0000,
    0x0000,0x0000,0x0000,0x2965,0x632C,0x7BEF,0x9492,0x632C,0x3186,0x0000,0x0000,0x0000,
    0x0000,0x0000,0x0000,0x0000,0x0000,0x4208,0x6B4D,0x0000,0x0020,0x0000,0x0000,0x0000,
    0x0000,0x0000,0x0000,0x0000,0x0000,0x4208,0x6B4D,0x0000,0x0020,0x0000,0x0000,0x0000,
    0x0000,0x0000,0x0000,0x0000,0x0000,0x31A6,0x630C,0x0000,0x0000,0x0000,0x0000,0x0000,
    0x0000,0x0000,0x0000,0x2104,0x4228,0x6B6D,0x8C71,0x4228,0x2104,0x0000,0x0000,0x0000,
    0x0000,0x0000,0x0000,0x3186,0x6B6D,0x630C,0x630C,0x6B6D,0x3186,0x0000,0x0000,0x0000,
    0x0000,0x0000,0x0000,0x0000,0x0000,0x0000,0x0000,0x0000,0x0000,0x0000,0x0000,0x0000,
};

static const uint16_t aprs_icon_px_19[] PROGMEM = {  // '$'
    0x0000,0x0000,0x0000,0x0000,0x0000,0x0000,0x0000,0x0000,0x0000,0x0000,0x0000,0x0000,
    0x0000,0x0000,0x0000,0x10A3,0x2946,0x2925,0x2926,0x2926,0x18E4,0x0000,0x0000,0x0000,
    0x0000,0x0000,0x0000,0x31A7,0x7D8F,0x7DAF,0x7DCF,0x7D8F,0x4209,0x0000,0x0000,0x0000,
    0x0000,0x0000,0x0000,0x31A7,0x8EF1,0x9731,0x9732,0x8ED1,0x3A08,0x0000,0x0000,0x0000,
    0x0000,0x0000,0x0000,0x31A7,0x8E91,0x8ED1,0x8EF1,0x8691,0x3A08,0x0000,0x0000,0x0000,
    0x0000,0x0000,0x0000,0x31A7,0x8EB1,0x8EF1,0x8EF1,0x8E91,0x3A08,0x0000,0x0000,0x0000,
    0x0000,0x0000,0x0000,0x31A7,0x8EB1,0x8EF1,0x8EF1,0x8E91,0x3A08,0x0000,0x0000,0x0000,
    0x0000,0x0000,0x0000,0x31A7,0x8ED1,0x8F11,0x8F11,0x8EB1,0x3A08,0x0000,0x0000,0x0000,
    0x0000,0x0000,0x0000,0x31A7,0x8650,0x8690,0x8691,0x8650,0x3A08,0x0000,0x0000,0x0000,
    0x0000,0x0000,0x0000,0x2986,0x424A,0x4229,0x4249,0x4249,0x39C8,0x0020,0x0000,0x0000,
    0x0000,0x0000,0x0000,0x18E4,0x39C8,0x31A7,0x31A7,0x39A8,0x2125,0x0000,0x0000,0x0000,
    0x0000,0x0000,0x0000,0x0000,0x0020,0x0020,0x0020,0x0020,0x0000,0x0000,0x0000,0x0000,
};

static const uint16_t aprs_icon_px_20[] PROGMEM = {  // 'P'
    0x0000,0x0000,0x0000,0x0000,0x0000,0x0000,0x0000,0x0000,0x0000,0x0000,0x0000,0x0000,
    0x0000,0x0000,0x0000,0x0000,0x0000,0x0000,0x0000,0x0000,0x0000,0x0000,0x0000,0x0000,
    0x0000,0x0000,0x0000,0x0000,0x0000,0x0000,0x0000,0x0000,0x0000,0x0000,0x0000,0x0000,
    0x0000,0x0000,0x0000,0x0000,0x7041,0xA0A3,0x1994,0x090F,0x0000,0x0000,0x0000,0x0000,
    0x0000,0x3186,0x4228,0x4207,0xC2CA,0xF32D,0x6C1D,0x5398,0x4207,0x4208,0x39E7,0x0000,
    0x4A6A,0xEF5E,0xEF7E,0xEF7E,0xE77E,0xE77E,0xEF5D,0xEF7D,0xEF7E,0xEF5E,0xF7BF,0x8431,
    0x18EA,0x2973,0x2972,0x2973,0x18F1,0x18F1,0x18F1,0x18F1,0x2973,0x2972,0x2112,0x5AF2,
    0x52AC,0x9CD7,0x1086,0x4A4D,0xCE5C,0xCE5C,0xCE5C,0xCE5C,0x4A4D,0x1086,0x9CF7,0x94B4,
    0x1081,0x3185,0x0861,0x10A2,0x73AD,0x8430,0x8430,0x73AD,0x10A2,0x0860,0x4207,0x2124,
    0x0000,0x0000,0x18C3,0x1082,0x0000,0x0000,0x0000,0x0000,0x1082,0x18C3,0x0000,0x0000,
    0x0000,0x0000,0x0020,0x0000,0x0000,0x0020,0x0020,0x0000,0x0000,0x0020,0x0000,0x0000,
    0x0000,0x0000,0x0000,0x0000,0x0000,0x0000,0x0000,0x0000,0x0000,0x0000,0x0000,0x0000,
};

static const uint16_t aprs_icon_px_21[] PROGMEM = {  // 'x'
    0x0000,0x0000,0x0000,0x0000,0x0000,0x0000,0x0000,0x0000,0x0000,0x0000,0x0000,0x0000,
    0x0000,0x0000,0x0000,0x0000,0x0000,0x0000,0x0000,0x0000,0x0000,0x0000,0x0000,0x0000,
    0x0000,0x0000,0x0000,0x0000,0x0000,0x0000,0x0000,0x0000,0x0000,0x0000,0x0000,0x0000,
    0x0000,0x2104,0x2124,0x2124,0x2104,0x18C4,0x18C4,0x2104,0x2124,0x2124,0x2104,0x0000,
    0x0000,0x0841,0x0861,0x0001,0x1081,0x39E3,0x39E3,0x1081,0x0001,0x0861,0x0861,0x0000,
    0x0000,0x0000,0x0000,0x31A1,0xB586,0xCE67,0xCE67,0xB586,0x31A1,0x0000,0x0000,0x0000,
    0x0000,0x0000,0x0000,0x9485,0xE728,0xC627,0xCE47,0xE728,0x9CE6,0x39C2,0x2941,0x0860,
    0x0000,0x0000,0x0000,0x18C1,0x8C45,0xBDC7,0xBDC7,0x8C45,0x18C1,0x1080,0x2961,0x2101,
    0x0000,0x0000,0x0000,0x0000,0x0000,0x0860,0x0860,0x0000,0x0000,0x0000,0x0000,0x0000,
    0x0000,0x0000,0x0000,0x0000,0x0000,0x0000,0x0000,0x0000,0x0000,0x0000,0x0000,0x0000,
    0x0000,0x0000,0x0000,0x0000,0x0000,0x0000,0x0000,0x0000,0x0000,0x0000,0x0000,0x0000,
    0x0000,0x0000,0x0000,0x0000,0x0000,0x0000,0x0000,0x0000,0x0000,0x0000,0x0000,0x0000,
};

static const uint16_t aprs_icon_px_22[] PROGMEM = {  // '9'
    0x0000,0x0000,0x0000,0x0000,0x0000,0x0000,0x0000,0x0000,0x0000,0x0000,0x0000,0x0000,
    0x0000,0x0000,0x0000,0x0800,0x0800,0x0800,0x0800,0x0800,0x0000,0x0000,0x0000,0x0000,
    0x0000,0x0000,0x4082,0xCAEB,0xC34D,0xC32C,0xC34D,0xC228,0x4082,0x0000,0x0000,0x0000,
    0x0000,0x0000,0x68C3,0xFE79,0xF7FF,0xF79E,0xF7FF,0xEB8E,0x68A2,0x0882,0x1082,0x0000,
    0x0000,0x0000,0x60A2,0xF659,0xF7FF,0xEF9E,0xF7FF,0xD36D,0x5124,0x10E3,0x18C3,0x0000,
    0x0000,0x0000,0x60E3,0xDB0C,0xD36D,0xD34D,0xD34D,0xD269,0x50C3,0x0000,0x18C3,0x0000,
    0x0000,0x0000,0x60E3,0xD1C7,0xC186,0xC186,0xC186,0xD9E7,0x60E3,0x0020,0x18C3,0x0000,
    0x0000,0x0000,0x60E3,0xD208,0xC1E7,0xC9E7,0xC1E7,0xD208,0x60E3,0x0020,0x18E3,0x0000,
    0x0000,0x0000,0x60E3,0xD208,0xC1C7,0xC1C7,0xC1C7,0xD208,0x60E3,0x0000,0x1061,0x0000,
    0x0000,0x0000,0x60E3,0xE228,0xD208,0xDA08,0xD208,0xE228,0x60E3,0x0000,0x0000,0x0000,
    0x0000,0x0000,0x1020,0x60E3,0x60E3,0x60E3,0x60E3,0x60E3,0x1020,0x0000,0x0000,0x0000,
    0x0000,0x0000,0x0000,0x0000,0x0000,0x0000,0x0000,0x0000,0x0000,0x0000,0x0000,0x0000,
};

static const uint16_t aprs_icon_px_23[] PROGMEM = {  // '['
    0x0000,0x0000,0x0000,0x0000,0x0000,0x5A67,0x5A67,0x0000,0x0000,0x0000,0x0000,0x0000,
    0x0000,0x0000,0x0000,0x0000,0x5227,0xF674,0xF674,0x5227,0x0000,0x0000,0x0000,0x0000,
    0x0000,0x0000,0x0020,0x0000,0x6AC8,0xFE94,0xFE94,0x6AC8,0x0000,0x0020,0x0000,0x0000,
    0x0000,0x0000,0x0000,0x0000,0x10A3,0x940D,0x940D,0x10A3,0x0000,0x0000,0x0000,0x0000,
    0x0000,0x0000,0x0041,0x3B73,0x43D6,0x3374,0x3375,0x43D6,0x3B73,0x0041,0x0000,0x0000,
    0x0000,0x0000,0x3312,0x32D0,0x43F7,0x4C38,0x4C38,0x43F7,0x32D0,0x3312,0x0000,0x0000,
    0x0000,0x220C,0x2AAF,0x0000,0x43D5,0x4C38,0x4C59,0x43D6,0x0000,0x2AAF,0x220C,0x0000,
    0x0000,0x0062,0x0000,0x0000,0x21A9,0x3A6C,0x3ACF,0x21C9,0x0000,0x0000,0x0062,0x0000,
    0x0000,0x0000,0x0000,0x0000,0x18C3,0x2104,0x18A2,0x2925,0x0000,0x0000,0x0000,0x0000,
    0x0000,0x0000,0x0000,0x0000,0x2967,0x10A3,0x0041,0x31A7,0x0000,0x0000,0x0000,0x0000,
    0x0000,0x0000,0x0000,0x0841,0x39C8,0x0020,0x0000,0x31A7,0x1082,0x0000,0x0000,0x0000,
    0x0000,0x0000,0x0000,0x0020,0x1082,0x0000,0x0000,0x18C3,0x1082,0x0000,0x0000,0x0000,
};

static const uint16_t aprs_icon_px_24[] PROGMEM = {  // 'E'
    0x0000,0x0000,0x0000,0x0000,0x0820,0x18C2,0x18C2,0x0820,0x0000,0x0000,0x0000,0x0000,
    0x0000,0x0000,0x2944,0x734B,0x942E,0x8BEE,0x8BEE,0x942E,0x734B,0x2944,0x0000,0x0000,
    0x0000,0x5AA9,0x8BEE,0x3165,0x0000,0x0000,0x0000,0x0000,0x3165,0x8BEE,0x5AA9,0x0000,
    0x1081,0x62C9,0x0000,0x18E3,0x62EB,0x42CE,0x42CE,0x62EB,0x18E3,0x0000,0x62C9,0x1081,
    0x0000,0x2104,0xB5B6,0xFFBE,0xCF1F,0x4C7A,0x4C7A,0xCF1F,0xFFBE,0xB5B6,0x2104,0x0000,
    0x0841,0xCE79,0xFFFF,0xF79D,0x755C,0x0906,0x0906,0x755C,0xF79D,0xFFFF,0xCE79,0x0841,
    0x0841,0xCE79,0xFFFF,0xF79D,0x755C,0x0906,0x0906,0x755C,0xF79D,0xFFFF,0xCE79,0x0841,
    0x0000,0x2965,0xB5B6,0xFFBE,0xC71F,0x4C7A,0x4C7A,0xC71F,0xFFBE,0xB5B6,0x2965,0x0000,
    0x0000,0x0000,0x0000,0x2945,0x630B,0x42CE,0x42CE,0x630B,0x2945,0x0000,0x0000,0x0000,
    0x0000,0x0000,0x0000,0x0000,0x0000,0x0000,0x0000,0x0000,0x0000,0x0000,0x0000,0x0000,
    0x0000,0x0000,0x0000,0x0000,0x0020,0x0000,0x0000,0x0020,0x0000,0x0000,0x0000,0x0000,
    0x0000,0x0000,0x0000,0x0000,0x0000,0x0000,0x0000,0x0000,0x0000,0x0000,0x0000,0x0000,
};

static const uint16_t aprs_icon_px_25[] PROGMEM = {  // '!'
    0x0000,0x0000,0x0000,0x0000,0x0000,0x0000,0x0000,0x0000,0x0000,0x0000,0x0000,0x0000,
    0x0000,0x0000,0x0000,0x0000,0x20E1,0x62C3,0x62C3,0x20E1,0x0000,0x0000,0x0000,0x0000,
    0x0000,0x0000,0x0000,0x5243,0xD5A6,0xEE8D,0xF6F0,0xD5A6,0x5243,0x0000,0x0000,0x0000,
    0x0000,0x0000,0x3162,0xDDE8,0xCD64,0xEF18,0xF77B,0xCD65,0xDDE7,0x3162,0x0000,0x0000,
    0x0000,0x0000,0x93E5,0xF734,0xF77A,0xFFFF,0xFFFF,0xF77A,0xF734,0x93E5,0x0000,0x0000,
    0x0000,0x0000,0xA465,0xDDE8,0xF738,0xFFFF,0xFFFF,0xF738,0xDDE8,0xA465,0x0000,0x0000,
    0x0000,0x0000,0x6AE4,0xE5E6,0xEF18,0xFFDE,0xFFDD,0xEF18,0xE5E6,0x6AE4,0x0000,0x0000,
    0x0000,0x0000,0x0840,0xACA7,0xFFB8,0xDE0A,0xD5C9,0xFF96,0xACA7,0x0840,0x0000,0x0000,
    0x0000,0x0000,0x0000,0x0860,0x8384,0xC526,0xC526,0x8384,0x0860,0x0000,0x0000,0x0000,
    0x0000,0x0000,0x0000,0x0000,0x0000,0x0860,0x0860,0x0000,0x0000,0x0000,0x0000,0x0000,
    0x0000,0x0000,0x0000,0x0000,0x0000,0x0000,0x0000,0x0000,0x0000,0x0000,0x0000,0x0000,
    0x0000,0x0000,0x0000,0x0000,0x0000,0x0000,0x0000,0x0000,0x0000,0x0000,0x0000,0x0000,
};

static const uint16_t aprs_icon_px_26[] PROGMEM = {  // '%'
    0x0000,0x0000,0x0000,0x0000,0x0000,0x0000,0x0000,0x0000,0x0000,0x0000,0x0000,0x0000,
    0x0000,0x0000,0x0000,0x0000,0x0000,0x0000,0x0000,0x0000,0x0000,0x0000,0x0000,0x0000,
    0x0000,0x0000,0x1082,0x1062,0x1041,0x10A3,0x10A3,0x1041,0x1062,0x10A3,0x0020,0x0000,
    0x0000,0x0841,0x2946,0x320A,0x4371,0x43D3,0x43D3,0x4371,0x320A,0x2966,0x10A3,0x0000,
    0x0000,0x0841,0x2987,0x3B71,0x320A,0x2946,0x2946,0x320A,0x3B71,0x2987,0x1082,0x0000,
    0x0000,0x0841,0x2946,0x2105,0x2105,0x2946,0x2946,0x2105,0x2105,0x2966,0x10A3,0x0000,
    0x0000,0x0841,0x2946,0x2946,0x2146,0x2125,0x2125,0x2146,0x2146,0x2946,0x10A3,0x0000,
    0x0000,0x0841,0x2946,0x2946,0x2966,0x31A7,0x31A7,0x2966,0x2946,0x2967,0x1082,0x0000,
    0x0000,0x0000,0x0841,0x0841,0x2104,0x632D,0x632D,0x2104,0x0841,0x0841,0x0000,0x0000,
    0x0000,0x0000,0x0000,0x0000,0x0862,0x4229,0x4229,0x0862,0x0000,0x0000,0x0000,0x0000,
    0x0000,0x0000,0x0000,0x0000,0x0000,0x0000,0x0000,0x0000,0x0000,0x0000,0x0000,0x0000,
    0x0000,0x0000,0x0000,0x0000,0x0000,0x0000,0x0000,0x0000,0x0000,0x0000,0x0000,0x0000,
};

static const uint16_t aprs_icon_px_27[] PROGMEM = {  // '&'
    0x0000,0x0000,0x0000,0x0000,0x0000,0x0000,0x0000,0x0000,0x0000,0x0000,0x0000,0x0000,
    0x0000,0x0000,0x0000,0x0000,0x0000,0x0000,0x0000,0x0000,0x0000,0x0000,0x0000,0x0000,
    0x0000,0x0000,0x1082,0x8C72,0x2966,0x0000,0x0000,0x0000,0x0000,0x0000,0x0000,0x0000,
    0x0000,0x18E3,0x6B4D,0x9493,0x73AF,0x3186,0x0000,0x0000,0x0000,0x0000,0x0000,0x0000,
    0x0000,0x2104,0x10A2,0x6B4E,0x18C3,0x4A49,0x0841,0x0020,0x0020,0x0020,0x0020,0x0000,
    0x0000,0x0000,0x0000,0x7BF0,0x1082,0x0000,0x0000,0x0000,0x0000,0x0000,0x1963,0x2225,
    0x0000,0x0000,0x0000,0x7BD0,0x10A3,0x0000,0x19A4,0x3B89,0x3B48,0x3B48,0x548B,0x65AE,
    0x0000,0x0000,0x0000,0x7BD0,0x10C3,0x0000,0x440A,0x97F5,0x8FD3,0x8FF4,0x8793,0x7F11,
    0x0000,0x0000,0x0000,0x7BD0,0x10A3,0x0000,0x19A4,0x3B89,0x3B48,0x3B48,0x54AB,0x54CC,
    0x0000,0x0000,0x0000,0x7BF0,0x10A2,0x0000,0x0000,0x0000,0x0000,0x0000,0x1123,0x1963,
    0x0000,0x0000,0x0000,0x738E,0x1082,0x0000,0x0000,0x0020,0x0020,0x0020,0x0000,0x0000,
    0x0000,0x0000,0x0000,0x0841,0x0000,0x0000,0x0000,0x0000,0x0000,0x0000,0x0000,0x0000,
};

static const uint16_t aprs_icon_px_28[] PROGMEM = {  // '('
    0x0000,0x0000,0x0000,0x0000,0x0020,0x0000,0x0000,0x0020,0x0000,0x0000,0x0000,0x0000,
    0x0000,0x0000,0x0000,0x0000,0x0000,0x0000,0x0000,0x0000,0x0000,0x0000,0x0000,0x0000,
    0x0000,0x0000,0x0000,0x18C3,0x6B6E,0x8411,0x8411,0x6B6E,0x18C3,0x0000,0x0000,0x0000,
    0x0000,0x0000,0x3186,0xC619,0xDEFC,0xB5B8,0xB5B8,0xDEFC,0xC619,0x31A7,0x0000,0x0000,
    0x0000,0x0020,0x8C72,0xCE5A,0xD6BB,0xBDD8,0xBDD8,0xD6BB,0xC63A,0x7BF0,0x0000,0x0000,
    0x0000,0x0000,0x0000,0x10A3,0x528A,0x7BCF,0x73AF,0x4229,0x10A2,0x0000,0x0000,0x0000,
    0x0000,0x0000,0x0000,0x0000,0x0000,0x0000,0x0000,0x0000,0x0000,0x0000,0x0000,0x0000,
    0x0000,0x0000,0x0000,0x0000,0x0000,0x0000,0x0000,0x0000,0x0000,0x0000,0x0000,0x0000,
    0x0000,0x0000,0x0000,0x0000,0x0000,0x0000,0x0020,0x0000,0x0000,0x0000,0x0000,0x0000,
    0x0000,0x0000,0x0000,0x0000,0x0000,0x2125,0x39E8,0x0000,0x0000,0x0000,0x0000,0x0000,
    0x0000,0x0000,0x0000,0x0000,0x0000,0x2945,0x4229,0x0000,0x0000,0x0000,0x0000,0x0000,
    0x0000,0x0000,0x0000,0x0000,0x0000,0x0841,0x1082,0x0000,0x0000,0x0000,0x0000,0x0000,
};

static const uint16_t aprs_icon_px_29[] PROGMEM = {  // ')'
    0x0000,0x0000,0x0000,0x0000,0x0000,0x0000,0x0000,0x0000,0x0000,0x0000,0x0000,0x0000,
    0x0000,0x0000,0x0000,0x0000,0x4A06,0x4A06,0x0000,0x0000,0x0000,0x0000,0x0000,0x0000,
    0x0000,0x0000,0x0000,0x3144,0xFE94,0xFE94,0x3144,0x0000,0x0000,0x0000,0x0000,0x0000,
    0x0000,0x0000,0x0000,0x1081,0xBCEF,0xBCCF,0x1081,0x0000,0x0000,0x0000,0x0000,0x0000,
    0x0000,0x0000,0x0000,0x0000,0x2A4D,0x1968,0x0000,0x0000,0x0000,0x0000,0x0000,0x0000,
    0x0000,0x0000,0x0000,0x0000,0x2A6E,0x1127,0x0000,0x0000,0x0000,0x0000,0x0000,0x0000,
    0x0000,0x0000,0x0000,0x0000,0x2A6E,0x328F,0x1989,0x08C4,0x0000,0x0000,0x0000,0x0000,
    0x0000,0x0000,0x0000,0x0000,0x10E5,0x32AF,0x2A8F,0x1968,0x0000,0x0000,0x0000,0x0000,
    0x0000,0x0000,0x0000,0x0000,0x0841,0x0000,0x0000,0x0000,0x1082,0x0000,0x0000,0x0000,
    0x0000,0x0000,0x0000,0x0020,0x0861,0x0000,0x0020,0x0000,0x0861,0x0020,0x0000,0x0000,
    0x0000,0x0000,0x0000,0x0000,0x1082,0x0000,0x0000,0x0000,0x1082,0x0000,0x0000,0x0000,
    0x0000,0x0000,0x0000,0x0000,0x0020,0x0861,0x0020,0x0861,0x0020,0x0000,0x0000,0x0000,
};

static const uint16_t aprs_icon_px_30[] PROGMEM = {  // '*'
    0x0000,0x0000,0x0000,0x0000,0x0000,0x0000,0x0000,0x0000,0x0000,0x0000,0x0000,0x0000,
    0x0000,0x0000,0x0000,0x0000,0x0000,0x0000,0x0000,0x0000,0x0000,0x0000,0x0000,0x0000,
    0x0000,0x0000,0x0000,0x0000,0x0000,0x0000,0x0000,0x0000,0x0000,0x0000,0x0000,0x0000,
    0x0000,0x0000,0x0000,0x0000,0x0000,0x0000,0x0000,0x0000,0x0000,0x0000,0x0000,0x0000,
    0x0000,0x0000,0x0000,0x0000,0x0820,0x0820,0x0820,0x0820,0x0800,0x0000,0x0000,0x0000,
    0x0000,0x0000,0x2861,0xB9A6,0xC1C7,0xC1C7,0xC1C7,0xC1C7,0xC9C7,0x50A2,0x0000,0x0000,
    0x0000,0x0000,0x7104,0xE208,0xC9E7,0xD1C7,0xD1E7,0xC9C7,0xD9E7,0xA986,0x0000,0x0000,
    0x0000,0x0000,0x58C3,0xEA28,0xD9E7,0xD228,0xE208,0xD9E7,0xEA28,0x8945,0x0000,0x0000,
    0x0000,0x0000,0x0000,0x5082,0x7986,0xA451,0x6904,0x68E3,0x68E3,0x1020,0x0000,0x0000,
    0x0000,0x10A2,0x18C3,0x08A2,0x6BAF,0x3A08,0x0000,0x0000,0x0000,0x0000,0x0000,0x0000,
    0x0841,0x7BD0,0x8431,0x8C72,0x6B4E,0x0000,0x0000,0x0000,0x0000,0x0000,0x0000,0x0000,
    0x0000,0x0000,0x0000,0x0000,0x0000,0x0000,0x0000,0x0000,0x0000,0x0000,0x0000,0x0000,
};

static const uint16_t aprs_icon_px_31[] PROGMEM = {  // '+'
    0x0000,0x0000,0x0000,0x0000,0x0000,0x0000,0x0000,0x0000,0x0000,0x0000,0x0000,0x0000,
    0x0000,0x0000,0x0000,0x0000,0x0000,0x0000,0x0000,0x0000,0x0000,0x0000,0x0000,0x0000,
    0x0000,0x0000,0x0000,0x0000,0x0000,0x0000,0x0000,0x0000,0x0000,0x0000,0x0000,0x0000,
    0x0000,0x0000,0x0000,0x0000,0x0000,0x0800,0x0800,0x0000,0x0000,0x0000,0x0000,0x0000,
    0x0000,0x0000,0x0000,0x0000,0x0000,0x98A2,0x98A2,0x0000,0x0000,0x0000,0x0000,0x0000,
    0x0000,0x0000,0x0000,0x0800,0x98A2,0xC8E3,0xC8E3,0x98A2,0x0800,0x0000,0x0000,0x0000,
    0x0000,0x0000,0x0000,0x0800,0x98A2,0xC8E3,0xC8E3,0x98A2,0x0800,0x0000,0x0000,0x0000,
    0x0000,0x0000,0x0000,0x0000,0x0000,0x98A2,0x98A2,0x0000,0x0000,0x0000,0x0000,0x0000,
    0x0000,0x0000,0x0000,0x0000,0x0000,0x0800,0x0800,0x0000,0x0000,0x0000,0x0000,0x0000,
    0x0000,0x0000,0x0000,0x0000,0x0000,0x0000,0x0000,0x0000,0x0000,0x0000,0x0000,0x0000,
    0x0000,0x0000,0x0000,0x0000,0x0000,0x0000,0x0000,0x0000,0x0000,0x0000,0x0000,0x0000,
    0x0000,0x0000,0x0000,0x0000,0x0000,0x0000,0x0000,0x0000,0x0000,0x0000,0x0000,0x0000,
};

static const uint16_t aprs_icon_px_32[] PROGMEM = {  // ','
    0x0000,0x0000,0x0000,0x0000,0x0000,0x0000,0x0000,0x0000,0x0000,0x0000,0x0000,0x0000,
    0x0000,0x0840,0x4266,0x08C2,0x0000,0x0000,0x0000,0x0000,0x0000,0x0000,0x0000,0x0000,
    0x0000,0x0800,0x442A,0x3CEB,0x33E9,0x22E7,0x1163,0x0081,0x0000,0x0000,0x0000,0x0000,
    0x0000,0x0800,0x43E9,0x3CCB,0x3CCB,0x452C,0x454C,0x3CCB,0x2BA8,0x11C4,0x0040,0x0000,
    0x0000,0x0800,0x442A,0x3D2C,0x3CAB,0x33E9,0x22A6,0x1183,0x08C1,0x0040,0x0000,0x0000,
    0x0000,0x0820,0x4B27,0x11E4,0x08C1,0x0000,0x0000,0x0000,0x0000,0x0000,0x0000,0x0000,
    0x0000,0x0860,0x51C4,0x0000,0x0000,0x0000,0x0000,0x0000,0x0000,0x0000,0x0000,0x0000,
    0x0000,0x0840,0x51E5,0x0000,0x0000,0x0000,0x0000,0x0000,0x0000,0x0000,0x0000,0x0000,
    0x0000,0x0840,0x51E5,0x0000,0x0000,0x0000,0x0000,0x0000,0x0000,0x0000,0x0000,0x0000,
    0x0000,0x0840,0x51E5,0x0000,0x0000,0x0000,0x0000,0x0000,0x0000,0x0000,0x0000,0x0000,
    0x0000,0x0840,0x51E5,0x0000,0x0000,0x0000,0x0000,0x0000,0x0000,0x0000,0x0000,0x0000,
    0x0000,0x0000,0x1081,0x0000,0x0000,0x0000,0x0000,0x0000,0x0000,0x0000,0x0000,0x0000,
};

static const uint16_t aprs_icon_px_33[] PROGMEM = {  // '.'
    0x0000,0x0000,0x0000,0x0000,0x0000,0x0000,0x0000,0x0000,0x0000,0x0000,0x0000,0x0000,
    0x0000,0x0000,0x0000,0x0000,0x0000,0x0000,0x0000,0x0000,0x0000,0x0000,0x0000,0x0000,
    0x0000,0x0000,0x9145,0x3861,0x0000,0x0000,0x0000,0x0000,0x3861,0x9145,0x0000,0x0000,
    0x0000,0x0000,0x3882,0xC9A6,0x3061,0x0000,0x0000,0x3061,0xC9A6,0x3882,0x0000,0x0000,
    0x0000,0x0000,0x0000,0x3061,0xD1C7,0x2861,0x2861,0xD1C7,0x3061,0x0000,0x0000,0x0000,
    0x0000,0x0000,0x0000,0x0000,0x2861,0xC1A6,0xC1A6,0x2861,0x0000,0x0000,0x0000,0x0000,
    0x0000,0x0000,0x0000,0x0000,0x2861,0xC1A6,0xC1A6,0x2861,0x0000,0x0000,0x0000,0x0000,
    0x0000,0x0000,0x0000,0x3061,0xD1C7,0x2861,0x2861,0xD1C7,0x3061,0x0000,0x0000,0x0000,
    0x0000,0x0000,0x3882,0xC9A6,0x3061,0x0000,0x0000,0x3061,0xC9A6,0x3882,0x0000,0x0000,
    0x0000,0x0000,0x9145,0x3861,0x0000,0x0000,0x0000,0x0000,0x3861,0x9145,0x0000,0x0000,
    0x0000,0x0000,0x0000,0x0000,0x0000,0x0000,0x0000,0x0000,0x0000,0x0000,0x0000,0x0000,
    0x0000,0x0000,0x0000,0x0000,0x0000,0x0000,0x0000,0x0000,0x0000,0x0000,0x0000,0x0000,
};

static const uint16_t aprs_icon_px_34[] PROGMEM = {  // '/'
    0x0000,0x0000,0x0000,0x0000,0x0000,0x0000,0x0000,0x0000,0x0000,0x0000,0x0000,0x0000,
    0x0000,0x0000,0x0000,0x0000,0x0000,0x0000,0x0000,0x0000,0x0000,0x0000,0x0000,0x0000,
    0x0000,0x0000,0x0000,0x0000,0x0000,0x0000,0x0000,0x0000,0x0000,0x0000,0x0000,0x0000,
    0x0000,0x0000,0x0000,0x0000,0x3861,0x9924,0x9924,0x3861,0x0000,0x0000,0x0000,0x0000,
    0x0000,0x0000,0x0000,0x3061,0xE9A6,0xE9A6,0xE9A6,0xE9A6,0x3061,0x0000,0x0000,0x0000,
    0x0000,0x0000,0x0000,0x9904,0xE9A6,0xD186,0xD186,0xE9A6,0x9904,0x0000,0x0000,0x0000,
    0x0000,0x0000,0x0000,0x9904,0xE9A6,0xD186,0xD186,0xE9A6,0x9904,0x0000,0x0000,0x0000,
    0x0000,0x0000,0x0000,0x3061,0xE9A6,0xE9A6,0xE9A6,0xE9A6,0x3061,0x0000,0x0000,0x0000,
    0x0000,0x0000,0x0000,0x0000,0x3861,0x9924,0x9924,0x3861,0x0000,0x0000,0x0000,0x0000,
    0x0000,0x0000,0x0000,0x0000,0x0000,0x0000,0x0000,0x0000,0x0000,0x0000,0x0000,0x0000,
    0x0000,0x0000,0x0000,0x0000,0x0000,0x0000,0x0000,0x0000,0x0000,0x0000,0x0000,0x0000,
    0x0000,0x0000,0x0000,0x0000,0x0000,0x0000,0x0000,0x0000,0x0000,0x0000,0x0000,0x0000,
};

static const uint16_t aprs_icon_px_35[] PROGMEM = {  // ':'
    0x0000,0x0000,0x0000,0x0000,0x0000,0x1040,0x2080,0x0000,0x0000,0x0000,0x0000,0x0000,
    0x0000,0x0000,0x0000,0x0000,0x0000,0x8A02,0xC2E3,0x0000,0x0000,0x0000,0x0000,0x0000,
    0x0000,0x0000,0x0000,0x0000,0x4921,0xEB83,0xFBA4,0x69A1,0x0000,0x0000,0x0000,0x0000,
    0x0000,0x0000,0x0000,0x1040,0xD323,0xEB63,0xE363,0xE363,0x1860,0x0000,0x0000,0x0000,
    0x0000,0x0000,0x0820,0xA282,0xF363,0xEC24,0xEC85,0xF363,0xB2A3,0x0820,0x0000,0x0000,
    0x0000,0x0000,0x38C0,0xCB03,0xE343,0xF5A6,0xFDE7,0xE363,0xC2E3,0x38C0,0x0000,0x0000,
    0x0000,0x0000,0x0000,0x79A1,0xFCC5,0xFE47,0xF647,0xFCC5,0x79C1,0x0000,0x0000,0x0000,
    0x0000,0x0000,0x1040,0xD303,0xF4E5,0xFE67,0xFE67,0xF546,0xD303,0x1040,0x0000,0x0000,
    0x0000,0x0000,0x5141,0xF3A4,0xE383,0xFE07,0xFE47,0xE3C4,0xF383,0x5141,0x0000,0x0000,
    0x0000,0x0000,0xA262,0xEBA4,0xDB03,0xED05,0xF546,0xDB23,0xEBA4,0xA282,0x0000,0x0000,
    0x0000,0x30A0,0xF3A4,0xF3A4,0xF383,0xF3E4,0xF3E4,0xF383,0xF3A4,0xF3A4,0x30A0,0x0000,
    0x0000,0x38E1,0x8202,0x79C2,0x79C2,0x79C2,0x79C1,0x79C2,0x79C2,0x8202,0x38E1,0x0000,
};

static const uint16_t aprs_icon_px_36[] PROGMEM = {  // ';'
    0x0000,0x0000,0x0000,0x0000,0x0000,0x0000,0x0000,0x0000,0x0000,0x0000,0x0000,0x0000,
    0x0000,0x0000,0x0000,0x0000,0x0000,0x0840,0x1881,0x0000,0x0000,0x0000,0x0000,0x0000,
    0x0000,0x0000,0x0000,0x0000,0x0000,0x5204,0x7B07,0x0000,0x0000,0x0000,0x0000,0x0000,
    0x0000,0x0000,0x0000,0x0000,0x0840,0x8B68,0xA409,0x20E2,0x0000,0x0000,0x0000,0x0000,
    0x0000,0x0000,0x0000,0x0000,0x49E4,0x9BE9,0x9BC9,0x72C6,0x0000,0x0000,0x0000,0x0000,
    0x0000,0x0000,0x0000,0x1081,0x9BE9,0x7B07,0x6AA6,0xA409,0x20E2,0x0000,0x0000,0x0000,
    0x0000,0x0000,0x0000,0x5A45,0xAC29,0x5A45,0x49E4,0xA409,0x6AC6,0x0000,0x0000,0x0000,
    0x0000,0x0000,0x18C1,0x93C8,0x93C8,0x49A4,0x3963,0x9388,0x9BE9,0x20E2,0x0000,0x0000,
    0x0000,0x0000,0x6AC6,0xA409,0x8327,0x3943,0x3943,0x7B07,0xA409,0x6AC6,0x0000,0x0000,
    0x0000,0x2902,0x9BE9,0x9BE9,0x6286,0x3943,0x3943,0x5A45,0x9BE9,0x9BE9,0x2902,0x0000,
    0x0000,0x6285,0x93A8,0x8367,0x41A4,0x3143,0x3143,0x41A4,0x8367,0x93A8,0x6285,0x0000,
    0x0000,0x0840,0x0840,0x0820,0x0000,0x0000,0x0000,0x0000,0x0840,0x0840,0x0840,0x0000,
};

static const uint16_t aprs_icon_px_37[] PROGMEM = {  // '<'
    0x0000,0x0000,0x0000,0x0000,0x0000,0x0000,0x0000,0x0000,0x0000,0x0000,0x0000,0x0000,
    0x0000,0x0000,0x0000,0x0000,0x0000,0x0000,0x0000,0x0000,0x0000,0x0000,0x0000,0x0000,
    0x0000,0x0000,0x0000,0x0000,0x0000,0x0000,0x0000,0x0000,0x0000,0x0000,0x0000,0x0000,
    0x0000,0x0000,0x0000,0x0000,0x0000,0x0000,0x0000,0x0000,0x0000,0x0000,0x0000,0x0000,
    0x0000,0x0000,0x0000,0x0000,0x0000,0x0000,0x2041,0x0000,0x0000,0x0000,0x0000,0x0000,
    0x0000,0x0000,0x0000,0x0000,0x0000,0x7923,0xB1A5,0x7924,0x0000,0x0000,0x0000,0x0000,
    0x0000,0x0000,0x0000,0x1840,0xA185,0x7103,0x0800,0x9144,0x7103,0x0000,0x0020,0x0000,
    0x0020,0x0861,0x48C3,0xB1C5,0x48A2,0x0000,0x0000,0x0000,0xA9A5,0x6103,0x0041,0x0020,
    0x0861,0x0000,0x60C2,0x2882,0x0000,0x0000,0x0000,0x0020,0x1861,0x60C2,0x0000,0x0861,
    0x0841,0x0861,0x0000,0x0041,0x0020,0x0000,0x0000,0x0020,0x0861,0x0000,0x0861,0x0841,
    0x0000,0x0020,0x0861,0x0020,0x0000,0x0000,0x0000,0x0000,0x0020,0x0861,0x0020,0x0000,
    0x0000,0x0000,0x0000,0x0000,0x0000,0x0000,0x0000,0x0000,0x0000,0x0000,0x0000,0x0000,
};

static const uint16_t aprs_icon_px_38[] PROGMEM = {  // '='
    0x0000,0x0000,0x0000,0x0000,0x0000,0x0000,0x0000,0x0000,0x0000,0x0000,0x0000,0x0000,
    0x0000,0x0000,0x0000,0x0000,0x0000,0x0000,0x0000,0x0000,0x0000,0x0000,0x0000,0x0000,
    0x0000,0x0000,0x10A3,0x31A7,0x10A3,0x0000,0x0000,0x0000,0x0000,0x0000,0x0000,0x0000,
    0x0000,0x0000,0x18E3,0x4A49,0x18E3,0x0000,0x0000,0x0000,0x0000,0x0000,0x0000,0x0000,
    0x0000,0x0021,0x2147,0x4209,0x2146,0x10A5,0x10C4,0x10A4,0x10A4,0x10C5,0x0862,0x0000,
    0x0000,0x29EC,0x4B14,0x42B1,0x42D2,0x4AF3,0x4AF3,0x4AF3,0x4AF3,0x4B14,0x3A70,0x0020,
    0x0000,0x320D,0x4AF3,0x42D2,0x42D2,0x42D2,0x42D2,0x42D2,0x42D2,0x42D2,0x4291,0x0021,
    0x0000,0x322E,0x4B14,0x4AF3,0x42F3,0x42F3,0x4AF3,0x42F3,0x4AF3,0x4B14,0x42B1,0x0021,
    0x0000,0x218A,0x320C,0x2968,0x42B2,0x3A6F,0x2146,0x3A90,0x31EB,0x29A9,0x320D,0x0000,
    0x0000,0x0000,0x10A2,0x18C2,0x0041,0x0861,0x18C2,0x0862,0x10A2,0x18C2,0x0020,0x0000,
    0x0000,0x0000,0x0020,0x0841,0x0000,0x0000,0x0861,0x0000,0x0020,0x0841,0x0000,0x0000,
    0x0000,0x0000,0x0000,0x0000,0x0000,0x0000,0x0000,0x0000,0x0000,0x0000,0x0000,0x0000,
};

static const uint16_t aprs_icon_px_39[] PROGMEM = {  // '?'
    0x0000,0x0000,0x0000,0x0000,0x0000,0x0000,0x0000,0x0000,0x0000,0x0000,0x0000,0x0000,
    0x0000,0x0000,0x0021,0x39E8,0x4229,0x4209,0x4229,0x4209,0x4209,0x1082,0x0000,0x0000,
    0x0000,0x0000,0x18C3,0x630D,0x52AC,0x5ACC,0x5AAC,0x52CC,0x632D,0x3186,0x0000,0x0000,
    0x0000,0x0000,0x18C3,0x4A6A,0x31A7,0x39C8,0x3188,0x446B,0x538C,0x2946,0x0000,0x0000,
    0x0000,0x0000,0x10A3,0x5AEC,0x52AB,0x52AB,0x52AB,0x528B,0x5AED,0x2966,0x0000,0x0000,
    0x0000,0x0000,0x18C3,0x52AC,0x4A4A,0x4A6A,0x4A4A,0x4B2B,0x5B0C,0x2966,0x0000,0x0000,
    0x0000,0x0000,0x18C3,0x528B,0x39E9,0x4209,0x41E9,0x438B,0x5B2C,0x2946,0x0000,0x0000,
    0x0000,0x0000,0x10A3,0x5AED,0x5ACC,0x5ACC,0x5AEC,0x524B,0x62ED,0x2966,0x0000,0x0000,
    0x0000,0x0000,0x18C3,0x4A6B,0x39C8,0x39E8,0x39A8,0x444B,0x536C,0x2946,0x0000,0x0000,
    0x0000,0x0000,0x18C3,0x5ACC,0x4A4A,0x4A6A,0x4A4A,0x4B2B,0x5B2D,0x3166,0x0000,0x0000,
    0x0000,0x0000,0x0861,0x528B,0x52AB,0x52AB,0x52AB,0x526B,0x52AC,0x18E4,0x0000,0x0000,
    0x0000,0x0000,0x0000,0x0000,0x0020,0x0020,0x0020,0x0020,0x0020,0x0000,0x0000,0x0000,
};

static const uint16_t aprs_icon_px_40[] PROGMEM = {  // 'A'
    0x0000,0x0000,0x0000,0x0000,0x0000,0x1082,0x10A2,0x0000,0x0000,0x0000,0x0000,0x0000,
    0x0000,0x0000,0x0000,0x2945,0x7BEF,0xCE79,0xD69A,0x8C51,0x31A6,0x0000,0x0000,0x0000,
    0x0000,0x39C7,0xB596,0xEF5D,0xF7DF,0xEF5D,0xEF5D,0xF7BE,0xEF7D,0xBDF7,0x39E7,0x0000,
    0x0000,0x7BCF,0xFFFF,0xE71C,0xE71C,0xE75D,0xE75D,0xE71C,0xE71C,0xFFFF,0x7BCF,0x0000,
    0x0000,0x6B6D,0xF7BE,0xE6FB,0xEFDF,0xDCB2,0xDCB2,0xEFDF,0xE6FB,0xF7BE,0x6B6D,0x0000,
    0x0000,0x73AE,0xF7BE,0xE77D,0xDCF3,0xD104,0xD104,0xDCF3,0xE77D,0xF7BE,0x73AE,0x0000,
    0x0000,0x630C,0xFFFF,0xE71C,0xE6BA,0xD28A,0xD28A,0xE6BA,0xE71C,0xFFFF,0x630C,0x0000,
    0x0000,0x0020,0x8C71,0xFFBE,0xE77D,0xE679,0xE679,0xE77D,0xF7BE,0x8C71,0x0020,0x0000,
    0x0000,0x0000,0x0000,0x8C71,0xFFBE,0xE73C,0xE73C,0xFFBE,0x9492,0x0000,0x0000,0x0000,
    0x0000,0x0000,0x0000,0x0000,0x8C71,0xF7BE,0xF79E,0xBDD7,0x0841,0x0000,0x0000,0x0000,
    0x0000,0x0000,0x0000,0x0000,0x0000,0x9492,0xBDF7,0x0861,0x0000,0x0000,0x0000,0x0000,
    0x0000,0x0000,0x0000,0x0000,0x0000,0x0000,0x0841,0x0000,0x0000,0x0000,0x0000,0x0000,
};

static const uint16_t aprs_icon_px_41[] PROGMEM = {  // 'B'
    0x0000,0x0000,0x0000,0x0000,0x0000,0x0000,0x0000,0x0000,0x0000,0x0000,0x0000,0x0000,
    0x0000,0x0000,0x0000,0x0000,0x0000,0x0000,0x0000,0x0000,0x0000,0x0000,0x0000,0x0000,
    0x0000,0x0000,0x0000,0x0000,0x0000,0x0000,0x0000,0x0000,0x0000,0x0000,0x0000,0x0000,
    0x0021,0x5372,0x6C56,0x6C35,0x6435,0x6C35,0x6C35,0x6435,0x6C35,0x6C76,0x5392,0x0021,
    0x0041,0x53F7,0x751B,0x8DDD,0x961E,0x95FE,0x95FE,0x961E,0x95FE,0x7D3B,0x5BF7,0x0041,
    0x0041,0x53B5,0x53F7,0x5C17,0x7D1A,0x8DBC,0x8DBC,0x7D3B,0x5C37,0x53F7,0x53B5,0x0041,
    0x0041,0x53D5,0x5C38,0x5C17,0x53F7,0x6CB9,0x74DA,0x53F7,0x5C17,0x5C38,0x53D5,0x0041,
    0x0041,0x53B5,0x5C38,0x5C17,0x5C17,0x53F7,0x53F7,0x5C17,0x5C17,0x5C38,0x53B5,0x0041,
    0x0041,0x53F6,0x6459,0x5C38,0x5C58,0x5C58,0x5C58,0x5C58,0x5C38,0x6459,0x53F6,0x0041,
    0x0000,0x10E5,0x1906,0x1106,0x1106,0x1106,0x1106,0x1106,0x1106,0x1906,0x10E5,0x0000,
    0x0000,0x0000,0x0000,0x0000,0x0000,0x0000,0x0000,0x0000,0x0000,0x0000,0x0000,0x0000,
    0x0000,0x0000,0x0000,0x0000,0x0000,0x0000,0x0000,0x0000,0x0000,0x0000,0x0000,0x0000,
};

static const uint16_t aprs_icon_px_42[] PROGMEM = {  // 'C'
    0x0000,0x0000,0x0000,0x0000,0x0000,0x0000,0x0000,0x0000,0x0000,0x0000,0x0000,0x0000,
    0x0000,0x0000,0x0000,0x0000,0x0000,0x0000,0x0000,0x0000,0x0000,0x0000,0x0000,0x0000,
    0x0000,0x0000,0x0000,0x0000,0x0000,0x0000,0x0000,0x0000,0x0000,0x0000,0x0000,0x0000,
    0x0000,0x0000,0x0000,0x0000,0x0000,0x0000,0x0000,0x0000,0x0000,0x0000,0x0000,0x0000,
    0x0000,0x0000,0x0000,0x0000,0x0000,0x0000,0x0000,0x0000,0x0000,0x0000,0x0000,0x0000,
    0x0000,0x0000,0x0000,0x0000,0x0000,0x0000,0x0000,0x0000,0x0000,0x0000,0x0000,0x0000,
    0x20A1,0x59E4,0x51A3,0x51A3,0x51A3,0x51A3,0x51A3,0x51A3,0x51A3,0x51A3,0x59E4,0x20A1,
    0x0820,0x7224,0xC3E8,0xBBC7,0xBBC7,0xBBC7,0xBBC7,0xBBC7,0xBBC7,0xC3E8,0x7224,0x0820,
    0x0000,0x0042,0x6247,0x8B08,0x82E8,0x82E8,0x82E8,0x82E8,0x8B08,0x6247,0x0042,0x0000,
    0x0020,0x1969,0x1149,0x1149,0x1149,0x1149,0x1149,0x1149,0x1149,0x1149,0x1969,0x0020,
    0x0000,0x0000,0x0000,0x0000,0x0000,0x0000,0x0000,0x0000,0x0000,0x0000,0x0000,0x0000,
    0x0000,0x0000,0x0000,0x0000,0x0000,0x0000,0x0000,0x0000,0x0000,0x0000,0x0000,0x0000,
};

static const uint16_t aprs_icon_px_43[] PROGMEM = {  // 'F'
    0x0000,0x0000,0x0000,0x0000,0x0000,0x0000,0x0000,0x0000,0x0000,0x0000,0x0000,0x0000,
    0x0000,0x0000,0x0000,0x0000,0x0000,0x0000,0x0000,0x0000,0x0000,0x0000,0x0000,0x0000,
    0x0000,0x0000,0x0000,0x0000,0x0000,0x0000,0x0000,0x0000,0x0000,0x0000,0x0000,0x0000,
    0x0000,0x0000,0x0000,0x0000,0x0000,0x0000,0x0000,0x0000,0x0000,0x0000,0x0000,0x0000,
    0x0000,0x0000,0x0000,0x0000,0x20C0,0x9BA3,0x9363,0x9363,0x9BA4,0x49A1,0x0000,0x0000,
    0x0000,0x0000,0x0000,0x28E1,0xAC04,0xDD25,0xD4E5,0xD4E5,0xF5A5,0x7282,0x0000,0x0000,
    0x0000,0x0000,0x3141,0xB424,0xC4A5,0xB444,0xBC44,0xB424,0x7B04,0x3962,0x0000,0x0000,
    0x0000,0x0000,0x18A1,0x1081,0x0820,0x0840,0x1060,0x10A1,0x0000,0x0000,0x0861,0x0000,
    0x0000,0x0020,0x0021,0x0021,0x0020,0x0000,0x0041,0x0000,0x0000,0x0000,0x0020,0x0841,
    0x0000,0x0841,0x0020,0x0020,0x0861,0x0000,0x0841,0x0020,0x0000,0x0000,0x0841,0x0020,
    0x0000,0x0000,0x0861,0x0861,0x0000,0x0000,0x0000,0x0861,0x0841,0x0841,0x0841,0x0000,
    0x0000,0x0000,0x0000,0x0000,0x0000,0x0000,0x0000,0x0000,0x0020,0x0020,0x0000,0x0000,
};

static const uint16_t aprs_icon_px_44[] PROGMEM = {  // 'G'
    0x0000,0x0000,0x0000,0x0000,0x0000,0x0000,0x0000,0x0000,0x0000,0x0000,0x0000,0x0000,
    0x0000,0x1966,0x3AED,0x32AB,0x32CC,0x32AC,0x32AB,0x32CC,0x32AB,0x3AED,0x1966,0x0000,
    0x0000,0x3AED,0x21E8,0x10E4,0x2A09,0x1987,0x10E4,0x2A6A,0x10E4,0x21C7,0x3AED,0x0000,
    0x0000,0x32AB,0x0882,0x0000,0x10C3,0x0041,0x0000,0x1125,0x0000,0x0861,0x32AB,0x0000,
    0x0000,0x32CC,0x2A09,0x1125,0x2A29,0x21C7,0x1925,0x326A,0x1125,0x2208,0x32CC,0x0000,
    0x0000,0x32AC,0x1987,0x08A3,0x21C7,0x1945,0x08A3,0x2A09,0x08A3,0x1986,0x32AC,0x0000,
    0x0000,0x32AB,0x08A2,0x0000,0x10E4,0x0862,0x0000,0x1945,0x0000,0x0882,0x32AB,0x0000,
    0x0000,0x32CC,0x2A6A,0x1986,0x328B,0x2A29,0x1986,0x32CC,0x1986,0x2A4A,0x32CC,0x0000,
    0x0000,0x32AB,0x10E4,0x0000,0x1125,0x08A3,0x0000,0x1986,0x0000,0x08C3,0x32AB,0x0000,
    0x0000,0x3AEC,0x21C7,0x10C3,0x2208,0x1986,0x10C3,0x2A4A,0x10C3,0x21A7,0x3AEC,0x0000,
    0x0000,0x1966,0x3AED,0x32AB,0x32CC,0x32AC,0x32AB,0x32CC,0x32AB,0x3AED,0x1966,0x0000,
    0x0000,0x0000,0x0000,0x0000,0x0000,0x0000,0x0000,0x0000,0x0000,0x0000,0x0000,0x0000,
};

static const uint16_t aprs_icon_px_45[] PROGMEM = {  // 'q'
    0x0000,0x0000,0x0000,0x0000,0x0000,0x0000,0x0000,0x0000,0x0000,0x0000,0x0000,0x0000,
    0x0000,0x1966,0x3AED,0x32AB,0x32CC,0x32AC,0x32AB,0x32CC,0x32AB,0x3AED,0x1966,0x0000,
    0x0000,0x3AED,0x21E8,0x10E4,0x2A09,0x1987,0x10E4,0x2A6A,0x10E4,0x21C7,0x3AED,0x0000,
    0x0000,0x32AB,0x0882,0x0000,0x10C3,0x0041,0x0000,0x1125,0x0000,0x0861,0x32AB,0x0000,
    0x0000,0x32CC,0x2A09,0x1125,0x2A29,0x21C7,0x1925,0x326A,0x1125,0x2208,0x32CC,0x0000,
    0x0000,0x32AC,0x1987,0x08A3,0x21C7,0x1945,0x08A3,0x2A09,0x08A3,0x1986,0x32AC,0x0000,
    0x0000,0x32AB,0x08A2,0x0000,0x10E4,0x0862,0x0000,0x1945,0x0000,0x0882,0x32AB,0x0000,
    0x0000,0x32CC,0x2A6A,0x1986,0x328B,0x2A29,0x1986,0x32CC,0x1986,0x2A4A,0x32CC,0x0000,
    0x0000,0x32AB,0x10E4,0x0000,0x1125,0x08A3,0x0000,0x1986,0x0000,0x08C3,0x32AB,0x0000,
    0x0000,0x3AEC,0x21C7,0x10C3,0x2208,0x1986,0x10C3,0x2A4A,0x10C3,0x21A7,0x3AEC,0x0000,
    0x0000,0x1966,0x3AED,0x32AB,0x32CC,0x32AC,0x32AB,0x32CC,0x32AB,0x3AED,0x1966,0x0000,
    0x0000,0x0000,0x0000,0x0000,0x0000,0x0000,0x0000,0x0000,0x0000,0x0000,0x0000,0x0000,
};

static const uint16_t aprs_icon_px_46[] PROGMEM = {  // 'H'
    0x0000,0x0000,0x0000,0x0000,0x0000,0x0000,0x0000,0x0000,0x0000,0x0000,0x0000,0x0000,
    0x0000,0x0000,0x0000,0x0000,0x0000,0x0000,0x0000,0x0000,0x0000,0x0000,0x0000,0x0000,
    0x0000,0x0000,0x0000,0x0000,0x0000,0x0000,0x0000,0x0000,0x0000,0x0000,0x0000,0x0000,
    0x0000,0x0000,0x0000,0x0020,0x0020,0x0000,0x0000,0x0000,0x0000,0x0000,0x0000,0x0000,
    0x0000,0x0000,0x0000,0x0000,0x0000,0x0000,0x0000,0x0000,0x0000,0x0000,0x0000,0x0000,
    0x18A1,0x7266,0x41A5,0x738E,0x62EB,0x1082,0x1082,0x0861,0x0861,0x0862,0x0861,0x0000,
    0x28E2,0x9307,0xC573,0xFFFF,0xFFFF,0xDEFC,0xD6BB,0xD6BB,0xD6BB,0xDEFC,0xC639,0x0861,
    0x20E2,0x82C7,0xB512,0xEF7E,0xE71C,0xE73D,0xE73D,0xE73D,0xE73D,0xEF7E,0xD6BB,0x1082,
    0x2902,0x9307,0xC574,0xFFFF,0xEF7E,0xF79E,0xF79E,0xF79E,0xF79E,0xF7BF,0xDEFC,0x1082,
    0x18A2,0x6225,0x8BCE,0xB597,0xAD55,0xAD76,0xAD76,0xAD76,0xAD55,0xB596,0x9CF4,0x0861,
    0x0000,0x0000,0x0000,0x0000,0x0000,0x0000,0x0000,0x0000,0x0000,0x0000,0x0000,0x0000,
    0x0000,0x0000,0x0000,0x0000,0x0000,0x0000,0x0000,0x0000,0x0000,0x0000,0x0000,0x0000,
};

static const uint16_t aprs_icon_px_47[] PROGMEM = {  // 'I'
    0x0000,0x0000,0x0000,0x0000,0x0000,0x0000,0x0000,0x0000,0x0000,0x0000,0x0000,0x0000,
    0x0000,0x0000,0x0000,0x0000,0x0000,0x0000,0x0000,0x0000,0x0000,0x0000,0x0000,0x0000,
    0x0000,0x0000,0x0000,0x0000,0x0000,0x0000,0x0000,0x0000,0x0000,0x0000,0x0000,0x0000,
    0x0000,0x0000,0x0000,0x0000,0x0000,0x0000,0x0000,0x0000,0x0000,0x0000,0x0000,0x0000,
    0x0000,0x1126,0x4CF7,0x3371,0x0000,0x0000,0x0000,0x0000,0x3371,0x4CF7,0x1126,0x0000,
    0x0041,0x55BD,0x5EBF,0x66DF,0x3350,0x18E3,0x18E3,0x3350,0x66DF,0x5EBF,0x55BD,0x0041,
    0x0041,0x44D8,0x66FF,0x5E7F,0x4B90,0x5AAB,0x5AAB,0x4B90,0x5E7F,0x66FF,0x44D8,0x0041,
    0x0000,0x0061,0x3350,0x1A0A,0x0000,0x0000,0x0000,0x0000,0x1A0A,0x3350,0x0061,0x0000,
    0x0000,0x0000,0x0000,0x0000,0x0000,0x0000,0x0000,0x0000,0x0000,0x0000,0x0000,0x0000,
    0x0000,0x0000,0x0020,0x0000,0x0000,0x0000,0x0000,0x0000,0x0000,0x0020,0x0000,0x0000,
    0x0000,0x0000,0x0000,0x0000,0x0000,0x0000,0x0000,0x0000,0x0000,0x0000,0x0000,0x0000,
    0x0000,0x0000,0x0000,0x0000,0x0000,0x0000,0x0000,0x0000,0x0000,0x0000,0x0000,0x0000,
};

static const uint16_t aprs_icon_px_48[] PROGMEM = {  // 'K'
    0x0000,0x0000,0x0000,0x0000,0x0840,0xBD26,0xBD26,0x0820,0x0000,0x0000,0x0000,0x0000,
    0x0000,0x0000,0x0000,0x0000,0x0000,0xB4C6,0xBCE6,0x0000,0x0000,0x0000,0x0000,0x0000,
    0x0000,0x0000,0x0000,0x0000,0x2081,0x7A05,0x8A26,0x38E2,0x0000,0x0000,0x0000,0x0000,
    0x0000,0x0000,0x0000,0x4123,0x9246,0x9246,0x8A26,0x9266,0x5143,0x0000,0x0000,0x0000,
    0x0000,0x1041,0x6184,0x9226,0x8A05,0x8A05,0x8A05,0x8A05,0x9226,0x6984,0x1041,0x0000,
    0x0000,0x3903,0xBC6C,0xBC8C,0xBC8C,0xBC8C,0xBC8C,0xBC8C,0xBC8C,0xBC6C,0x3903,0x0000,
    0x0000,0x0040,0xBD2E,0xCD8F,0xCD6F,0xCD6F,0xCD6F,0xCD6F,0xCD8F,0xBD2E,0x0040,0x0000,
    0x0000,0x0861,0xBCEE,0xCD6F,0xC54E,0xC54E,0xC54E,0xC54E,0xCD6F,0xBCEE,0x0861,0x0000,
    0x0000,0x0841,0xBCEE,0xCD4F,0xC52E,0xC54E,0xC54E,0xC52E,0xCD4F,0xBCEE,0x0841,0x0000,
    0x0000,0x0861,0xC54F,0xD5B0,0xD58F,0xD5AF,0xD5AF,0xD58F,0xD5B0,0xC54F,0x0861,0x0000,
    0x0000,0x0840,0x8BAA,0x93EB,0x93EA,0x93EB,0x93EB,0x93EA,0x93EB,0x8BAA,0x0840,0x0000,
    0x0000,0x0000,0x0000,0x0000,0x0000,0x0000,0x0000,0x0000,0x0000,0x0000,0x0000,0x0000,
};

static const uint16_t aprs_icon_px_49[] PROGMEM = {  // 'L'
    0x0000,0x0000,0x0000,0x0000,0x0000,0x0000,0x0000,0x0000,0x0000,0x0000,0x0000,0x0000,
    0x0000,0x0000,0x0000,0x0000,0x0000,0x0000,0x0000,0x0000,0x0000,0x0000,0x0000,0x0000,
    0x0000,0x0841,0x5390,0x5413,0x53F2,0x53F2,0x53F2,0x53F2,0x5413,0x53B1,0x18C3,0x0000,
    0x0000,0x1061,0x6D59,0x767F,0x763E,0x765E,0x765E,0x763E,0x767F,0x6D7A,0x20E4,0x0000,
    0x0000,0x1061,0x6518,0x6E1D,0x6DDC,0x6DDC,0x6DDC,0x6DDC,0x6E1D,0x6D18,0x20E4,0x0000,
    0x0000,0x1061,0x6538,0x6E3D,0x6DFC,0x6E1D,0x6E1D,0x6DFC,0x6E3D,0x6D38,0x20E4,0x0000,
    0x0000,0x1061,0x64F7,0x6DFC,0x6DBB,0x6DBB,0x6DBB,0x6DBB,0x6DFC,0x6D18,0x20E4,0x0000,
    0x0000,0x0861,0x424A,0x424A,0x424A,0x52AC,0x52AC,0x424A,0x424A,0x424A,0x10A3,0x0000,
    0x0000,0x0000,0x0000,0x0000,0x0000,0x52AB,0x52AB,0x0000,0x0000,0x0000,0x0000,0x0000,
    0x0000,0x0000,0x0000,0x2125,0x528B,0x5AED,0x5AED,0x528B,0x2125,0x0000,0x0000,0x0000,
    0x0000,0x0000,0x0000,0x18C3,0x31A7,0x2946,0x2946,0x31A7,0x18C3,0x0000,0x0000,0x0000,
    0x0000,0x0000,0x0000,0x0000,0x0000,0x0000,0x0000,0x0000,0x0000,0x0000,0x0000,0x0000,
};

static const uint16_t aprs_icon_px_50[] PROGMEM = {  // 'M'
    0x0000,0x0000,0x0000,0x0000,0x0000,0x0000,0x0000,0x0000,0x0000,0x0000,0x0000,0x0000,
    0x0000,0x0000,0x0000,0x0000,0x0000,0x0000,0x0000,0x0000,0x0000,0x0000,0x0000,0x0000,
    0x0000,0x0841,0x5390,0x5413,0x53F2,0x53F2,0x53F2,0x53F2,0x5413,0x53B1,0x18C3,0x0000,
    0x0000,0x1061,0x6D59,0x767F,0x763E,0x765E,0x765E,0x763E,0x767F,0x6D7A,0x20E4,0x0000,
    0x0000,0x1061,0x6518,0x6E1D,0x6DDC,0x6DDC,0x6DDC,0x6DDC,0x6E1D,0x6D18,0x20E4,0x0000,
    0x0000,0x1061,0x6538,0x6E3D,0x6DFC,0x6E1D,0x6E1D,0x6DFC,0x6E3D,0x6D38,0x20E4,0x0000,
    0x0000,0x1061,0x64F7,0x6DFC,0x6DBB,0x6DBB,0x6DBB,0x6DBB,0x6DFC,0x6D18,0x20E4,0x0000,
    0x0000,0x0861,0x424A,0x424A,0x424A,0x52AC,0x52AC,0x424A,0x424A,0x424A,0x10A3,0x0000,
    0x0000,0x0000,0x0000,0x0000,0x0000,0x52AB,0x52AB,0x0000,0x0000,0x0000,0x0000,0x0000,
    0x0000,0x0000,0x0000,0x2125,0x528B,0x5AED,0x5AED,0x528B,0x2125,0x0000,0x0000,0x0000,
    0x0000,0x0000,0x0000,0x18C3,0x31A7,0x2946,0x2946,0x31A7,0x18C3,0x0000,0x0000,0x0000,
    0x0000,0x0000,0x0000,0x0000,0x0000,0x0000,0x0000,0x0000,0x0000,0x0000,0x0000,0x0000,
};

static const uint16_t aprs_icon_px_51[] PROGMEM = {  // 'N'
    0x0000,0x0000,0x0000,0x0000,0x0000,0x0000,0x0000,0x0000,0x0000,0x0000,0x0000,0x0000,
    0x0000,0x0000,0x0000,0x0000,0x0000,0x0000,0x0000,0x0000,0x0000,0x0000,0x0000,0x0000,
    0x0000,0x0840,0x0841,0x0841,0x0841,0x0841,0x0841,0x0841,0x0841,0x0841,0x0840,0x0000,
    0x0861,0xB594,0xCE36,0xD657,0xD657,0xCE57,0xCE57,0xD657,0xD657,0xCE36,0xB594,0x0861,
    0x1081,0xDEB8,0xEF3A,0xE6D9,0xEF3A,0xEF5B,0xEF5B,0xEF3A,0xE6F9,0xEF3A,0xDEB8,0x1081,
    0x1081,0xD678,0xEF3A,0xE6F9,0xDEB8,0xDED9,0xE6D9,0xDEB8,0xE6D9,0xEF3A,0xD678,0x1081,
    0x1081,0xD678,0xEF3A,0xE71A,0xE71A,0xDED9,0xDEB8,0xE71A,0xE71A,0xEF3A,0xD678,0x1081,
    0x1081,0xDE98,0xEF5B,0xEF3A,0xEF3A,0xEF3A,0xEF3A,0xEF3A,0xEF3A,0xEF5B,0xDE98,0x1081,
    0x0861,0xC616,0xDEB9,0xD698,0xD698,0xD698,0xD698,0xD698,0xD698,0xDEB9,0xC616,0x0861,
    0x0000,0x0861,0x0861,0x0861,0x0861,0x0861,0x0861,0x0861,0x0861,0x0861,0x0861,0x0000,
    0x0000,0x0000,0x0000,0x0000,0x0000,0x0000,0x0000,0x0000,0x0000,0x0000,0x0000,0x0000,
    0x0000,0x0000,0x0000,0x0000,0x0000,0x0000,0x0000,0x0000,0x0000,0x0000,0x0000,0x0000,
};

static const uint16_t aprs_icon_px_52[] PROGMEM = {  // 'S'
    0x0000,0x0000,0x0000,0x0000,0x0000,0x0861,0x18C3,0x0000,0x0000,0x0000,0x0000,0x0000,
    0x0000,0x0000,0x0000,0x0000,0x0000,0x528A,0x8431,0x0000,0x0020,0x0000,0x0000,0x0000,
    0x0000,0x0000,0x0000,0x0000,0x0000,0x9CD3,0xCE59,0x0000,0x0000,0x0000,0x0000,0x0000,
    0x0000,0x0000,0x0000,0x0000,0x0841,0xD69A,0xEF5D,0x2104,0x0000,0x0000,0x0000,0x0000,
    0x0000,0x0000,0x0020,0x0000,0x528A,0xF79E,0xF79F,0x6B4D,0x0000,0x0020,0x0000,0x0000,
    0x0000,0x0000,0x0000,0x0000,0xA514,0xF79E,0xEF7E,0xAD55,0x0000,0x0000,0x0000,0x0000,
    0x0000,0x0000,0x0000,0x0861,0xDEFC,0xEF5D,0xEF5D,0xDEDC,0x0861,0x0000,0x0000,0x0000,
    0x0000,0x0000,0x0000,0x9CF3,0xF7BF,0xE71D,0xE71D,0xF7BF,0x9CF3,0x0000,0x0000,0x0000,
    0x0000,0x18E3,0xA535,0xBDD8,0xCE5A,0xEF5D,0xEF5D,0xCE5A,0xBDD8,0xA535,0x18E3,0x0000,
    0x0000,0x2965,0x2965,0x0000,0x9492,0xFFDF,0xFFDF,0x9492,0x0000,0x2965,0x2965,0x0000,
    0x0000,0x0000,0x0000,0x0000,0x4A6A,0xDEFC,0xDEFC,0x4A6A,0x0000,0x0000,0x0000,0x0000,
    0x0000,0x0000,0x0000,0x0000,0x0000,0x1082,0x1082,0x0000,0x0000,0x0000,0x0000,0x0000,
};

static const uint16_t aprs_icon_px_53[] PROGMEM = {  // 'T'
    0x0000,0x0000,0x0000,0x0000,0x0000,0x0000,0x0000,0x0000,0x0000,0x0000,0x0000,0x0000,
    0x0000,0x0000,0x0000,0x0000,0x0000,0x0000,0x0000,0x0000,0x0000,0x0000,0x0000,0x0000,
    0x0000,0x0000,0x0000,0x0000,0x0000,0x0000,0x0000,0x0000,0x0000,0x0000,0x0000,0x0000,
    0x0000,0x0861,0x2966,0x2945,0x2925,0x2966,0x2966,0x2966,0x0841,0x0841,0x2946,0x0020,
    0x0000,0x1904,0x41E9,0x428C,0x4AEE,0x39C8,0x3A09,0x4209,0x31A7,0x39C8,0x39C8,0x0020,
    0x0000,0x18C3,0x4AAC,0x761E,0x7E9F,0x5370,0x3987,0x39E8,0x39E8,0x39E9,0x31A7,0x0020,
    0x0000,0x18C3,0x4AAC,0x761E,0x7E9F,0x5370,0x3987,0x39E9,0x39E8,0x39E9,0x31A7,0x0020,
    0x0000,0x1904,0x41E8,0x426B,0x4ACE,0x39A7,0x39E9,0x39E9,0x31A7,0x39C8,0x39C8,0x0020,
    0x0000,0x1082,0x39E8,0x3187,0x3187,0x39C8,0x31A8,0x39C8,0x1082,0x0841,0x2946,0x0020,
    0x0000,0x0000,0x0000,0x0020,0x0020,0x0020,0x0020,0x0000,0x0000,0x0000,0x0000,0x0000,
    0x0000,0x0000,0x0000,0x0000,0x0000,0x0000,0x0000,0x0000,0x0000,0x0000,0x0000,0x0000,
    0x0000,0x0000,0x0000,0x0000,0x0000,0x0000,0x0000,0x0000,0x0000,0x0000,0x0000,0x0000,
};

static const uint16_t aprs_icon_px_54[] PROGMEM = {  // 'V'
    0x0000,0x0000,0x0000,0x0000,0x0000,0x0000,0x0000,0x0000,0x0000,0x0000,0x0000,0x0000,
    0x0000,0x0000,0x0000,0x0000,0x0000,0x0000,0x0000,0x0000,0x0000,0x0000,0x0000,0x0000,
    0x0000,0x0000,0x0000,0x0000,0x0000,0x0000,0x0000,0x0000,0x0000,0x0000,0x0000,0x0000,
    0x0000,0x0841,0x10A2,0x0020,0x0000,0x0000,0x0000,0x0000,0x0020,0x10A2,0x0841,0x0000,
    0x0000,0x18C3,0x10A3,0x2923,0x8B63,0x8323,0x8323,0x8B63,0x2923,0x10A3,0x18C3,0x0000,
    0x0000,0x0861,0x18E3,0x7B24,0xC4A5,0xBC85,0xBC85,0xC4A5,0x7B24,0x18E3,0x0861,0x0000,
    0x0020,0x1082,0x2103,0xA3E4,0xC4C5,0xBCA5,0xBCA5,0xC4C5,0xA3E4,0x2103,0x1082,0x0020,
    0x0861,0x18E3,0x10A3,0x3142,0x6242,0x5A22,0x5A22,0x6242,0x3142,0x10A3,0x18E3,0x0861,
    0x0000,0x0861,0x1082,0x0000,0x0000,0x0000,0x0000,0x0000,0x0000,0x1082,0x0861,0x0000,
    0x0000,0x0000,0x0000,0x0000,0x0000,0x0000,0x0000,0x0000,0x0000,0x0000,0x0000,0x0000,
    0x0000,0x0000,0x0000,0x0000,0x0000,0x0000,0x0000,0x0000,0x0000,0x0000,0x0000,0x0000,
    0x0000,0x0000,0x0000,0x0000,0x0000,0x0000,0x0000,0x0000,0x0000,0x0000,0x0000,0x0000,
};

static const uint16_t aprs_icon_px_55[] PROGMEM = {  // 'Z'
    0x0000,0x0000,0x0000,0x0000,0x0000,0x0000,0x0000,0x0000,0x0000,0x0000,0x0000,0x0000,
    0x0000,0x0841,0x18A3,0x10A2,0x10A2,0x10A2,0x10A2,0x10A2,0x10A2,0x18A3,0x0841,0x0000,
    0x0000,0x2966,0x6B6F,0x630D,0x632E,0x632E,0x632E,0x632E,0x630D,0x6B6F,0x2966,0x0000,
    0x0000,0x2987,0x8DDB,0x85BB,0x8DDB,0x8579,0x7D38,0x8DDC,0x85BB,0x8DDB,0x2987,0x0000,
    0x0000,0x2987,0x961D,0x8E1D,0x8E1D,0x8DBB,0x857A,0x8E1D,0x8DFD,0x961D,0x2987,0x0000,
    0x0000,0x2987,0x8DFC,0x8DDC,0x8DFC,0x859A,0x8559,0x8DFC,0x8DDC,0x8DFC,0x2987,0x0000,
    0x0000,0x2986,0x8559,0x7D38,0x8539,0x7CF7,0x7CB6,0x8559,0x7D38,0x8559,0x2986,0x0000,
    0x0000,0x2987,0x961C,0x8DFC,0x8E1D,0x85BB,0x8579,0x8E1D,0x8DFC,0x961C,0x2987,0x0000,
    0x0000,0x2987,0x961D,0x8E1D,0x8E3D,0x8DBB,0x857A,0x963E,0x8E1D,0x961D,0x2987,0x0000,
    0x0000,0x3187,0x8D79,0x8559,0x8559,0x8518,0x7CD6,0x8559,0x8559,0x8D79,0x3187,0x0000,
    0x0000,0x0841,0x10A2,0x1082,0x1082,0x1082,0x1082,0x1082,0x1082,0x10A2,0x0841,0x0000,
    0x0000,0x0000,0x0000,0x0000,0x0000,0x0000,0x0000,0x0000,0x0000,0x0000,0x0000,0x0000,
};

static const uint16_t aprs_icon_px_56[] PROGMEM = {  // '\\'
    0x0000,0x0000,0x0000,0x0000,0x0000,0x0000,0x0020,0x0000,0x0000,0x0000,0x0000,0x0000,
    0x0000,0x0000,0x0000,0x0000,0x0000,0x62C3,0x8384,0x0000,0x0000,0x0000,0x0000,0x0000,
    0x0000,0x0000,0x0000,0x0000,0x0840,0xB4E5,0xC566,0x10A0,0x0000,0x0000,0x0000,0x0000,
    0x0000,0x0000,0x0000,0x0000,0x6AE3,0x7303,0x5242,0x83A4,0x0000,0x0000,0x0000,0x0000,
    0x0000,0x0000,0x0000,0x0840,0xB4E5,0x1080,0x0020,0xB4E5,0x18A0,0x0000,0x0000,0x0000,
    0x0000,0x0000,0x0000,0x62C3,0x8384,0x0000,0x0000,0x62C3,0x8384,0x0000,0x0000,0x0000,
    0x0000,0x0000,0x0840,0xB4E5,0x18A0,0x0000,0x0000,0x0840,0xB4E5,0x18A0,0x0000,0x0000,
    0x0000,0x0000,0x6AC3,0x8384,0x0000,0x0000,0x0000,0x0000,0x62C3,0x8384,0x0000,0x0000,
    0x0000,0x0820,0xB4C5,0x1080,0x0000,0x0000,0x0000,0x0000,0x0000,0xACC5,0x1080,0x0000,
    0x0000,0x6B03,0x9C25,0x18A0,0x18C1,0x18C0,0x18C0,0x18C1,0x18A0,0x8384,0x8BC4,0x0000,
    0x0000,0x83A4,0xA465,0x9C25,0x9C25,0x9C25,0x9C25,0x9C25,0x9C25,0x9C45,0x9404,0x0820,
    0x0000,0x0000,0x0000,0x0000,0x0000,0x0000,0x0000,0x0000,0x0000,0x0000,0x0000,0x0000,
};

static const uint16_t aprs_icon_px_57[] PROGMEM = {  // ']'
    0x0000,0x0000,0x0000,0x0000,0x0000,0x0000,0x0000,0x0000,0x0000,0x0000,0x0000,0x0000,
    0x0000,0x0000,0x0000,0x0000,0x0000,0x0000,0x0000,0x0000,0x0000,0x0000,0x0000,0x0000,
    0x0000,0x0000,0x0000,0x0000,0x0000,0x0000,0x0000,0x0000,0x0000,0x0000,0x0000,0x0000,
    0x0000,0x0000,0x0000,0x0884,0x10C5,0x08A5,0x10C5,0x0884,0x0000,0x0800,0x0800,0x0000,
    0x0000,0x0000,0x218B,0x4315,0x3AF4,0x3AF4,0x42F4,0x32F5,0x820A,0xE1E5,0xC1C6,0x0820,
    0x0000,0x0021,0x3AD3,0x3AF4,0x3AD3,0x3AD3,0x3AD3,0x32F4,0x62B0,0x7903,0x60E3,0x0800,
    0x0000,0x0000,0x2A50,0x3AF5,0x3AD4,0x3AD4,0x3AD4,0x3AF5,0x2250,0x0000,0x0000,0x0000,
    0x0020,0x51E5,0x6288,0x6AEB,0x6ACA,0x6ACA,0x6ACA,0x6ACB,0x6AA8,0x3102,0x0000,0x0000,
    0x0820,0x72A7,0x7AE7,0x7AC6,0x7AC6,0x7AC6,0x7AC6,0x7AA6,0x8308,0x3964,0x0000,0x0000,
    0x0820,0x6AA7,0x7AE7,0x7AE7,0x7AE7,0x7AE7,0x7AE7,0x7AC7,0x8308,0x3963,0x0000,0x0000,
    0x0020,0x6266,0x72A7,0x6A86,0x6A86,0x6A86,0x6A86,0x6A86,0x72C7,0x3143,0x0000,0x0000,
    0x0000,0x0820,0x0820,0x0820,0x0820,0x0820,0x0820,0x0820,0x0820,0x0000,0x0000,0x0000,
};

static const uint16_t aprs_icon_px_58[] PROGMEM = {  // '`'
    0x0000,0x0000,0x0000,0x0000,0x18C3,0x39C7,0x39C7,0x18C3,0x0000,0x0000,0x0000,0x0000,
    0x0000,0x0000,0x2124,0x9CF4,0xCE5A,0xD6BC,0xD6BC,0xCE5A,0x9CF4,0x2124,0x0000,0x0000,
    0x0000,0x31A7,0xDEDC,0xEF5E,0xD69B,0xCE7A,0xCE7B,0xD6BB,0xEF5E,0xDEDC,0x31A7,0x0000,
    0x0000,0x39C7,0x8C72,0xAD77,0xD69B,0xE71D,0xDEFD,0xD69B,0xA535,0x8410,0x31A7,0x0000,
    0x0000,0x0000,0x0000,0x0000,0x2104,0x632D,0x630C,0x2104,0x0000,0x0000,0x0000,0x0000,
    0x0000,0x0000,0x0000,0x0000,0x0000,0x0000,0x2124,0x0000,0x0000,0x0000,0x0000,0x0000,
    0x0000,0x0000,0x0000,0x0000,0x0000,0x1082,0x3186,0x0000,0x0000,0x0000,0x0000,0x0000,
    0x0000,0x0000,0x0000,0x0000,0x0000,0x0862,0x3186,0x0000,0x0000,0x0000,0x0000,0x0000,
    0x0000,0x0000,0x0000,0x0000,0x0000,0x1082,0x3186,0x0000,0x0000,0x0000,0x0000,0x0000,
    0x0000,0x0000,0x0000,0x0000,0x0000,0x0841,0x2966,0x0000,0x0000,0x0000,0x0000,0x0000,
    0x0000,0x0000,0x0000,0x1082,0x2104,0x2945,0x4209,0x2104,0x1082,0x0000,0x0000,0x0000,
    0x0000,0x0000,0x0000,0x1082,0x2125,0x2104,0x2104,0x2125,0x1082,0x0000,0x0000,0x0000,
};

static const uint16_t aprs_icon_px_59[] PROGMEM = {  // 'c'
    0x0000,0x0000,0x0000,0x0000,0x0000,0x0800,0x3881,0x0000,0x0000,0x0000,0x0000,0x0000,
    0x0000,0x0000,0x0000,0x0000,0x0000,0x0820,0xE1E6,0xB9A5,0x48A2,0x0000,0x0000,0x0000,
    0x0000,0x0000,0x0000,0x0000,0x0000,0x0820,0x70E3,0x3061,0x0800,0x0000,0x0000,0x0000,
    0x0000,0x0000,0x0000,0x0000,0x0000,0x10C2,0x1143,0x0000,0x0000,0x0000,0x0000,0x0000,
    0x0000,0x0000,0x0000,0x0000,0x0000,0x4308,0x5C0B,0x0840,0x0000,0x0000,0x0000,0x0000,
    0x0000,0x0000,0x0000,0x0000,0x21A4,0x5C4B,0x5C4B,0x3246,0x0000,0x0000,0x0000,0x0000,
    0x0000,0x0000,0x0000,0x0881,0x5BEB,0x5C0B,0x5C0B,0x5C4B,0x10E2,0x0000,0x0000,0x0000,
    0x0000,0x0000,0x0000,0x4308,0x5C4B,0x5C0B,0x5C0B,0x5C4B,0x4B49,0x0000,0x0000,0x0000,
    0x0000,0x0000,0x21A4,0x644C,0x5BEB,0x5C0B,0x5C0B,0x5BEB,0x646C,0x2A05,0x0000,0x0000,
    0x0000,0x08A1,0x5C0B,0x5C2B,0x5C2B,0x5C2B,0x5C2B,0x5C2B,0x5C2B,0x5C2B,0x08A1,0x0000,
    0x0000,0x3AA7,0x5C0B,0x53AA,0x53CA,0x53CA,0x53CA,0x53CA,0x53AA,0x5BEB,0x3AA7,0x0000,
    0x0000,0x0841,0x0040,0x0040,0x0040,0x0040,0x0040,0x0040,0x0040,0x0040,0x0841,0x0000,
};

static const uint16_t aprs_icon_px_60[] PROGMEM = {  // 'd'
    0x0000,0x0000,0x0000,0x0000,0x0000,0x0000,0x0000,0x0000,0x0000,0x0000,0x0000,0x0000,
    0x0000,0x0000,0x0000,0x0000,0x0000,0x0000,0x0000,0x0000,0x0000,0x0000,0x0000,0x0000,
    0x0000,0x0000,0x0000,0x1820,0x78E2,0x9923,0x9923,0x78E2,0x1820,0x0000,0x0000,0x0000,
    0x0000,0x0000,0x2841,0xC984,0xE1A5,0xD9A5,0xD9A5,0xE1A5,0xC984,0x2841,0x0000,0x0000,
    0x0000,0x0800,0xB144,0xD9A5,0xC984,0xD185,0xD185,0xC984,0xD9A5,0xB144,0x0800,0x0000,
    0x0000,0x0000,0xB964,0xD185,0xC984,0xC984,0xC984,0xC984,0xD185,0xB964,0x0000,0x0000,
    0x0800,0x4061,0x9903,0xB124,0xA903,0xA903,0xA903,0xA903,0xB124,0x9903,0x4061,0x0800,
    0x1820,0x90E3,0xB124,0xB123,0xB124,0xB124,0xB124,0xB124,0xB123,0xB124,0x90E3,0x1820,
    0x0000,0x0000,0x2040,0x3861,0x5081,0x5081,0x5081,0x5081,0x3861,0x2040,0x0000,0x0000,
    0x0000,0x0000,0x0000,0x0000,0x0000,0x0000,0x0000,0x0000,0x0000,0x0000,0x0000,0x0000,
    0x0000,0x0000,0x0000,0x0000,0x0000,0x0000,0x0000,0x0000,0x0000,0x0000,0x0000,0x0000,
    0x0000,0x0000,0x0000,0x0000,0x0000,0x0000,0x0000,0x0000,0x0000,0x0000,0x0000,0x0000,
};

static const uint16_t aprs_icon_px_61[] PROGMEM = {  // 'e'
    0x0000,0x0000,0x0000,0x0000,0x0000,0x0000,0x0000,0x0000,0x0000,0x0000,0x0000,0x0000,
    0x0000,0x0000,0x0000,0x0000,0x0000,0x0000,0x0000,0x0000,0x0000,0x0000,0x1061,0x0820,
    0x0000,0x0000,0x0000,0x0000,0x0000,0x0000,0x0000,0x0000,0x0000,0x28E2,0x6A25,0x0020,
    0x0000,0x0000,0x0000,0x0000,0x0000,0x0000,0x0000,0x0000,0x20C1,0xA367,0x49A3,0x0000,
    0x0000,0x0000,0x0000,0x0000,0x0000,0x1081,0x28C2,0x18A1,0x0840,0x82C6,0x2902,0x0000,
    0x0000,0x0000,0x0000,0x1040,0x6225,0x8AE6,0x9307,0x9307,0x6A45,0x59E4,0x1060,0x0000,
    0x0000,0x0000,0x0000,0x3943,0x9B67,0x8B06,0x8B06,0x8AE6,0x9B67,0x6204,0x0000,0x0000,
    0x0000,0x0000,0x0000,0x0000,0x5A04,0x82C6,0x82A6,0x8AE6,0x6A25,0x0840,0x0000,0x0000,
    0x0000,0x0000,0x0000,0x0000,0x59E4,0x1081,0x0820,0x1881,0x51C4,0x0000,0x0000,0x0000,
    0x0000,0x0000,0x0000,0x0820,0x6204,0x0000,0x0000,0x0000,0x6204,0x0820,0x0000,0x0000,
    0x0000,0x0000,0x0000,0x20A1,0x51C4,0x0000,0x0000,0x0000,0x51C4,0x20A1,0x0000,0x0000,
    0x0000,0x0000,0x0000,0x0840,0x1061,0x0000,0x0000,0x0000,0x1061,0x0840,0x0000,0x0000,
};

static const uint16_t aprs_icon_px_62[] PROGMEM = {  // 'h'
    0x0000,0x0000,0x0000,0x0000,0x0000,0x0000,0x0000,0x0000,0x0000,0x0000,0x0000,0x0000,
    0x0000,0x0000,0x0020,0x0020,0x0020,0x0020,0x0020,0x0020,0x0020,0x0020,0x0000,0x0000,
    0x0000,0x0000,0x0000,0x0000,0x0000,0x0000,0x0000,0x0000,0x0000,0x0000,0x0000,0x0000,
    0x0000,0x39C7,0x7BEF,0x73AE,0x73AE,0x73AE,0x73AE,0x73AE,0x73AE,0x7BEF,0x39C7,0x0000,
    0x0000,0x7BEF,0xFFFF,0xFFDF,0xFFFF,0xFFFF,0xFFFF,0xFFFF,0xFFDF,0xFFFF,0x7BEF,0x0000,
    0x0000,0x738E,0xFFDF,0xE71C,0xEF9E,0xDC51,0xDC51,0xEF9E,0xE71C,0xFFDF,0x738E,0x0000,
    0x0000,0x73AE,0xFFDF,0xEF9E,0xE5D7,0xD082,0xD082,0xE5D7,0xEF9E,0xFFDF,0x73AE,0x0000,
    0x0000,0x73AE,0xFFFF,0xE73C,0xEF5D,0xDB2C,0xDB2C,0xEF5D,0xE73C,0xFFFF,0x73AE,0x0000,
    0x0000,0x738E,0xFFFF,0xE73C,0xEF7D,0xEF5D,0xEF5D,0xEF7D,0xE73C,0xFFFF,0x738E,0x0000,
    0x0000,0x73AE,0xFFFF,0xEF7D,0xF77D,0xF79E,0xF79E,0xF77D,0xEF7D,0xFFFF,0x73AE,0x0000,
    0x0000,0x6B4D,0xEF5D,0xD6BA,0xDEDB,0xDEDB,0xDEDB,0xDEDB,0xD6BA,0xEF5D,0x6B4D,0x0000,
    0x0000,0x0841,0x1082,0x1082,0x1082,0x1082,0x1082,0x1082,0x1082,0x1082,0x0841,0x0000,
};

static const uint16_t aprs_icon_px_63[] PROGMEM = {  // 'i'
    0x0000,0x0000,0x0000,0x0000,0x0000,0x0000,0x0000,0x0000,0x0000,0x0000,0x0000,0x0000,
    0x0000,0x0000,0x0000,0x0000,0x0881,0x1A24,0x1A24,0x0881,0x0000,0x0000,0x0000,0x0000,
    0x0000,0x0000,0x0000,0x08E2,0x3C28,0x44C9,0x44C9,0x3C28,0x08E2,0x0000,0x0000,0x0000,
    0x0000,0x0000,0x0000,0x1A04,0x44E9,0x3C48,0x3C48,0x44E9,0x1A04,0x0000,0x0000,0x0000,
    0x0000,0x0000,0x0000,0x0000,0x2285,0x3C48,0x3C48,0x2285,0x0000,0x0000,0x0000,0x0000,
    0x0000,0x0000,0x0000,0x0000,0x0000,0x0020,0x2101,0x0000,0x0000,0x0000,0x0000,0x0000,
    0x0000,0x0000,0x0000,0x0000,0x4205,0x6AE8,0x6AC6,0x4206,0x0000,0x0000,0x0000,0x0000,
    0x0000,0x0000,0x0907,0x83EC,0xFED2,0xE672,0xDDF0,0xFED2,0x83EC,0x0907,0x0000,0x0000,
    0x0020,0x32F2,0x3C1A,0x6477,0xBD92,0xCDD1,0xD5F1,0xBD92,0x6477,0x3C1A,0x32F2,0x0020,
    0x0000,0x222D,0x3BB7,0x33D9,0x3BF9,0x4C39,0x4C39,0x3BF9,0x33D9,0x3BB7,0x222D,0x0000,
    0x0000,0x0000,0x0062,0x1106,0x19CB,0x19CB,0x19CB,0x19CB,0x1106,0x0062,0x0000,0x0000,
    0x0000,0x0000,0x0000,0x0000,0x0000,0x0000,0x0000,0x0000,0x0000,0x0000,0x0000,0x0000,
};

static const uint16_t aprs_icon_px_64[] PROGMEM = {  // 'l'
    0x0000,0x0000,0x0000,0x0000,0x0000,0x0000,0x0000,0x0000,0x0000,0x0000,0x0000,0x0000,
    0x0000,0x0000,0x2125,0x2146,0x2146,0x2146,0x2146,0x2146,0x2146,0x2125,0x0000,0x0000,
    0x0000,0x0000,0x5C12,0x763E,0x75DC,0x75FC,0x75FC,0x75DC,0x763E,0x5C12,0x0000,0x0000,
    0x0000,0x0000,0x53F2,0x765E,0x6DFC,0x6DFC,0x6DFC,0x6DFC,0x765E,0x53F2,0x0000,0x0000,
    0x0000,0x0000,0x5BF2,0x765E,0x6DFC,0x6DFC,0x6DFC,0x6DFC,0x765E,0x5BF2,0x0000,0x0000,
    0x0000,0x0000,0x4BD2,0x6E3E,0x65DC,0x6DFC,0x6DFC,0x65DC,0x6E3E,0x4BD2,0x0000,0x0000,
    0x10A2,0x5ACB,0x7C32,0x84D5,0x84B5,0x84B5,0x84B5,0x84B5,0x84D5,0x7C32,0x5ACB,0x10A2,
    0x0861,0x9CD4,0xB597,0xAD35,0xAD56,0xAD56,0xAD56,0xAD56,0xAD35,0xB597,0x9CD4,0x0861,
    0x0000,0x39C7,0xBDF9,0xB5B8,0xB5B8,0xB5B8,0xB5B8,0xB5B8,0xB5B8,0xBDF9,0x39C7,0x0000,
    0x0000,0x0020,0x528A,0x52AB,0x52AB,0x52AB,0x52AB,0x52AB,0x52AB,0x528A,0x0020,0x0000,
    0x0000,0x0000,0x0000,0x0000,0x0000,0x0000,0x0000,0x0000,0x0000,0x0000,0x0000,0x0000,
    0x0000,0x0000,0x0000,0x0000,0x0000,0x0000,0x0000,0x0000,0x0000,0x0000,0x0000,0x0000,
};

static const uint16_t aprs_icon_px_65[] PROGMEM = {  // 'm'
    0x0000,0x0000,0x0000,0x0000,0x3101,0x6A23,0x6202,0x3101,0x0000,0x0000,0x0000,0x0000,
    0x0000,0x0000,0x0000,0x4982,0x59C2,0x3123,0x3964,0x59C2,0x4982,0x0000,0x0000,0x0000,
    0x0000,0x0000,0x4142,0x4982,0x0000,0x31A7,0x5AEC,0x0000,0x49A2,0x4142,0x0000,0x0000,
    0x0000,0x0000,0x1060,0x0000,0x0000,0x39C7,0x5AEC,0x0000,0x0020,0x1060,0x0000,0x0000,
    0x0000,0x0000,0x0000,0x0000,0x0000,0x39C7,0x5AEC,0x0000,0x0000,0x0000,0x0000,0x0000,
    0x0000,0x0000,0x0000,0x0000,0x0000,0x39C7,0x5AEC,0x0000,0x0000,0x0000,0x0000,0x0000,
    0x0000,0x0000,0x0000,0x0000,0x0000,0x39C7,0x5AEC,0x0000,0x0000,0x0000,0x0000,0x0000,
    0x0000,0x0000,0x0000,0x0000,0x0000,0x39C7,0x5AEC,0x0000,0x0020,0x0000,0x0000,0x0000,
    0x0000,0x0000,0x0000,0x0000,0x0000,0x2966,0x52AB,0x0000,0x0000,0x0000,0x0000,0x0000,
    0x0000,0x0000,0x0000,0x18E3,0x39E8,0x630D,0x7BF0,0x39E8,0x18E4,0x0000,0x0000,0x0000,
    0x0000,0x0000,0x0000,0x2966,0x630D,0x52AB,0x52AB,0x630D,0x2966,0x0000,0x0000,0x0000,
    0x0000,0x0000,0x0000,0x0000,0x0000,0x0000,0x0000,0x0000,0x0000,0x0000,0x0000,0x0000,
};

static const uint16_t aprs_icon_px_66[] PROGMEM = {  // 'n'
    0x0000,0x0000,0x0000,0x0000,0x0000,0x0000,0x0000,0x0000,0x0000,0x0000,0x0000,0x0000,
    0x0000,0x0000,0x0000,0x0020,0x1082,0x10A2,0x10A2,0x1082,0x0020,0x0000,0x0000,0x0000,
    0x0000,0x0000,0x0841,0x10A2,0x0841,0x0841,0x0841,0x0841,0x10A2,0x0841,0x0000,0x0000,
    0x0000,0x0020,0x10A2,0x0861,0x4228,0xAD55,0xAD55,0x4228,0x0861,0x10A2,0x0020,0x0000,
    0x0000,0x1082,0x0841,0x4228,0xF7BE,0xF79E,0xF79E,0xF7BE,0x4228,0x0841,0x1082,0x0000,
    0x0000,0x10A2,0x0841,0xAD55,0xEF7D,0x31A6,0x31A6,0xEF7D,0xAD55,0x0841,0x10A2,0x0000,
    0x0000,0x10A2,0x0841,0xAD55,0xEF7D,0x31A6,0x31A6,0xEF7D,0xAD55,0x0841,0x10A2,0x0000,
    0x0000,0x1082,0x0841,0x4228,0xF7BE,0xF79E,0xF79E,0xF7BE,0x4228,0x0841,0x1082,0x0000,
    0x0000,0x0020,0x10A2,0x0861,0x4228,0xAD55,0xAD55,0x4228,0x0861,0x10A2,0x0020,0x0000,
    0x0000,0x0000,0x0841,0x10A2,0x0841,0x0841,0x0841,0x0841,0x10A2,0x0841,0x0000,0x0000,
    0x0000,0x0000,0x0000,0x0020,0x1082,0x10A2,0x10A2,0x1082,0x0020,0x0000,0x0000,0x0000,
    0x0000,0x0000,0x0000,0x0000,0x0000,0x0000,0x0000,0x0000,0x0000,0x0000,0x0000,0x0000,
};

static const uint16_t aprs_icon_px_67[] PROGMEM = {  // 'o'
    0x0000,0x0000,0x0000,0x0000,0x0000,0x1020,0xA985,0x68E3,0x1020,0x0000,0x0000,0x0000,
    0x0000,0x0000,0x0000,0x0000,0x0000,0x0800,0xA144,0x7903,0x2041,0x0000,0x0000,0x0000,
    0x0000,0x0000,0x0000,0x0000,0x0000,0x3186,0x31C7,0x0000,0x0000,0x0000,0x0000,0x0000,
    0x0000,0x0000,0x0000,0x18E4,0x52AB,0x73B0,0x73B0,0x630D,0x2945,0x0000,0x0000,0x0000,
    0x0000,0x10A2,0x4A6A,0x6B6F,0x738F,0x6B4E,0x6B4E,0x6B6F,0x6B6F,0x4A6A,0x18C3,0x0000,
    0x0000,0x39E8,0xBDF9,0xAD77,0xB597,0xB597,0xB597,0xB597,0xAD77,0xBDF9,0x39E8,0x0000,
    0x0000,0x2966,0xD6BC,0xCE5A,0xCE7A,0xCE7A,0xCE7A,0xCE7A,0xCE5A,0xD6BC,0x2966,0x0000,
    0x0000,0x3186,0xD69B,0xC639,0xC63A,0xC63A,0xC63A,0xC63A,0xC639,0xD69B,0x3186,0x0000,
    0x0000,0x3186,0xD69B,0xC639,0xC63A,0xC63A,0xC63A,0xC63A,0xC639,0xD69B,0x3186,0x0000,
    0x0000,0x3186,0xD6BC,0xCE5A,0xCE7A,0xCE7A,0xCE7A,0xCE7A,0xCE5A,0xD6BC,0x3186,0x0000,
    0x0000,0x2966,0xC619,0xB5B7,0xBDD8,0xBDD8,0xBDD8,0xBDD8,0xB5B7,0xC619,0x2966,0x0000,
    0x0000,0x0000,0x0861,0x0861,0x0861,0x0861,0x0861,0x0861,0x0861,0x0861,0x0000,0x0000,
};

static const uint16_t aprs_icon_px_68[] PROGMEM = {  // 'p'
    0x0000,0x0000,0x0000,0x0000,0x0000,0x0000,0x0000,0x0000,0x0000,0x0000,0x0000,0x0000,
    0x0000,0x0000,0x0000,0x0000,0x0000,0x0000,0x0820,0x1081,0x0000,0x0000,0x0000,0x0000,
    0x0000,0x0000,0x0000,0x0000,0x0000,0x0000,0x0000,0x49A4,0x0840,0x0000,0x0000,0x0000,
    0x0000,0x0000,0x0000,0x0000,0x0000,0x0000,0x0000,0x20E2,0x8B47,0x6A86,0x0840,0x0000,
    0x0000,0x0000,0x0000,0x0000,0x0000,0x0000,0x0000,0x6265,0xAC09,0xB429,0x72A6,0x0000,
    0x0000,0x0000,0x0000,0x2902,0x5A25,0x7AC6,0x72C6,0x9B88,0x9BA8,0xA3E9,0x5A04,0x0000,
    0x0000,0x0000,0x51E4,0xAC09,0xABE9,0xA3E9,0xABE9,0x9BC8,0xA3C9,0x7AE6,0x0000,0x0000,
    0x0000,0x0000,0x6A65,0xAC09,0xA3C8,0xA3C8,0xA3C8,0x9BC8,0xB429,0x6245,0x0000,0x0000,
    0x0000,0x0000,0x0820,0x8307,0x8B27,0x9388,0x9B88,0x9B88,0x51E4,0x0840,0x0000,0x0000,
    0x0000,0x0000,0x0000,0x6245,0x0840,0x0840,0x1881,0x6245,0x0000,0x0000,0x0000,0x0000,
    0x0000,0x0000,0x1061,0x6A86,0x0000,0x0000,0x0000,0x6A86,0x1061,0x0000,0x0000,0x0000,
    0x0000,0x0000,0x0020,0x18A1,0x0000,0x0000,0x0000,0x18A1,0x0020,0x0000,0x0000,0x0000,
};

static const uint16_t aprs_icon_px_69[] PROGMEM = {  // 's'
    0x0000,0x0000,0x0000,0x0000,0x0000,0x0000,0x0000,0x0000,0x0000,0x0000,0x0000,0x0000,
    0x0000,0x0000,0x0000,0x0000,0x0000,0x0000,0x0000,0x0000,0x0000,0x0000,0x0000,0x0000,
    0x0000,0x0000,0x0000,0x0000,0x0000,0x0000,0x0000,0x0000,0x0000,0x0000,0x0000,0x0000,
    0x0000,0x0000,0x0000,0x0000,0x0000,0x0000,0x0000,0x0000,0x0000,0x0000,0x0000,0x0000,
    0x0000,0x0000,0x0000,0x0000,0x31EA,0x42AE,0x428E,0x3A6D,0x0021,0x0000,0x0000,0x0000,
    0x0000,0x0000,0x0000,0x0000,0x4ACE,0x63D4,0x63B4,0x5B72,0x0841,0x0000,0x0000,0x0000,
    0x0000,0x0000,0x0000,0x0000,0x3A4D,0x5352,0x5332,0x4AF0,0x0000,0x0000,0x0000,0x0000,
    0x1082,0x8C72,0x9CD4,0x9493,0x94D5,0x8CD6,0x8CD6,0x8CD6,0x9493,0x9CD4,0x8C72,0x1082,
    0x0000,0x528A,0xE71D,0xDEDC,0xDEBB,0xDEBB,0xDEBB,0xDEBB,0xDEDC,0xE71D,0x528A,0x0000,
    0x0041,0x0042,0x73D1,0xA557,0x9D16,0x9D16,0x9D16,0x9D16,0xA557,0x73D1,0x0042,0x0041,
    0x08C5,0x198A,0x0928,0x1128,0x1128,0x1128,0x1128,0x1128,0x1128,0x0928,0x198A,0x08C5,
    0x0000,0x0000,0x0000,0x0000,0x0000,0x0000,0x0000,0x0000,0x0000,0x0000,0x0000,0x0000,
};

static const uint16_t aprs_icon_px_70[] PROGMEM = {  // 't'
    0x0000,0x0000,0x0000,0x0000,0x0000,0x0000,0x0000,0x0000,0x0000,0x0000,0x0000,0x0000,
    0x0000,0x2061,0x2061,0x2061,0x2061,0x2061,0x2061,0x2061,0x2061,0x2061,0x2061,0x0000,
    0x0820,0x99E7,0xAA08,0xAA08,0xAA28,0xAA28,0xAA28,0xAA28,0xAA08,0xAA08,0x99E7,0x0820,
    0x0000,0x40C3,0x59C7,0x48E3,0x48E3,0x40E3,0x40E3,0x48E3,0x48E3,0x59A7,0x4904,0x0000,
    0x0000,0x0000,0x2146,0x0000,0x0000,0x0000,0x0000,0x0000,0x0000,0x1925,0x0041,0x0000,
    0x0000,0x0000,0x3166,0x0000,0x50C3,0xC9E7,0xC1C7,0x8145,0x0000,0x2945,0x0861,0x0000,
    0x0000,0x0000,0x2966,0x0000,0x68E3,0xDA08,0xD1E7,0x9965,0x0000,0x2945,0x0861,0x0000,
    0x0000,0x0000,0x2966,0x0000,0x60E3,0xD208,0xC9E7,0x9165,0x0000,0x2945,0x0861,0x0000,
    0x0000,0x0000,0x2966,0x0000,0x60E3,0xD1E7,0xC9E7,0x9165,0x0000,0x2925,0x0861,0x0000,
    0x0000,0x0000,0x3186,0x0000,0x6904,0xE228,0xE208,0xA186,0x0000,0x2946,0x0861,0x0000,
    0x0000,0x0000,0x10A3,0x0000,0x2041,0x60E3,0x60E3,0x3882,0x0000,0x10A2,0x0020,0x0000,
    0x0000,0x0000,0x0000,0x0000,0x0000,0x0000,0x0000,0x0000,0x0000,0x0000,0x0000,0x0000,
};

static const uint16_t aprs_icon_px_71[] PROGMEM = {  // 'u'
    0x0000,0x0000,0x0000,0x0000,0x0000,0x0000,0x0000,0x0000,0x0000,0x0000,0x0000,0x0000,
    0x0000,0x0000,0x0000,0x0000,0x0000,0x0000,0x0000,0x0000,0x0000,0x0000,0x0000,0x0000,
    0x0000,0x0000,0x0000,0x0000,0x0000,0x0000,0x0000,0x0000,0x0000,0x0000,0x0000,0x0000,
    0x0000,0x0000,0x0000,0x0000,0x0000,0x0000,0x0000,0x0000,0x0000,0x0000,0x0000,0x0000,
    0x0000,0x0820,0x0800,0x528A,0xAD96,0xA514,0xA534,0xA534,0xA534,0xA514,0xAD76,0x5ACB,
    0x50E3,0xA1E6,0x9964,0xB34C,0xEF7E,0xE73D,0xE73D,0xE73D,0xE73D,0xE71D,0xF7BF,0x7BEF,
    0x5903,0xBA27,0xB1A5,0xBB2B,0xDF3D,0xE71C,0xE71D,0xDEFC,0xE71D,0xE71C,0xEF5E,0x73AF,
    0x5903,0x7185,0x48E3,0xAAEB,0xDEFC,0x6B6E,0x6B6E,0xE71C,0x8431,0x632D,0xDEFC,0x6B6E,
    0x0820,0x10A3,0x10C3,0x1061,0x1082,0x1082,0x1082,0x1082,0x1082,0x1082,0x1082,0x0841,
    0x0000,0x0841,0x1082,0x0000,0x0000,0x0861,0x0861,0x0000,0x0861,0x1082,0x0000,0x0000,
    0x0000,0x0000,0x0000,0x0000,0x0000,0x0000,0x0000,0x0000,0x0000,0x0000,0x0000,0x0000,
    0x0000,0x0000,0x0000,0x0000,0x0000,0x0000,0x0000,0x0000,0x0000,0x0000,0x0000,0x0000,
};

static const uint16_t aprs_icon_px_72[] PROGMEM = {  // 'w'
    0x0000,0x0000,0x0000,0x0000,0x0000,0x0000,0x0021,0x0000,0x0000,0x0000,0x0000,0x0000,
    0x0000,0x0000,0x0000,0x0000,0x0000,0x220C,0x2AF2,0x0000,0x0000,0x0000,0x0000,0x0000,
    0x0000,0x0000,0x0000,0x0000,0x0883,0x445A,0x4CBD,0x1127,0x0000,0x0000,0x0000,0x0000,
    0x0000,0x0000,0x0000,0x0000,0x3334,0x4C9C,0x4C9C,0x3BB7,0x0000,0x0000,0x0000,0x0000,
    0x0000,0x0000,0x0000,0x19CB,0x4CBD,0x445B,0x445B,0x4CBD,0x222D,0x0000,0x0000,0x0000,
    0x0000,0x0000,0x0883,0x445A,0x447B,0x445B,0x445B,0x447B,0x447B,0x08A4,0x0000,0x0000,
    0x0000,0x0000,0x3355,0x4CBD,0x445A,0x447B,0x447B,0x445B,0x4CBD,0x3354,0x0000,0x0000,
    0x0000,0x0000,0x19CB,0x4C9C,0x447B,0x445B,0x447B,0x445B,0x4CBD,0x19EB,0x0000,0x0000,
    0x0000,0x0000,0x0000,0x19CB,0x4CBD,0x445B,0x445A,0x4CBD,0x2A90,0x0000,0x0000,0x0000,
    0x0000,0x0000,0x0000,0x0000,0x2A90,0x4CBD,0x4CBD,0x2AD1,0x0000,0x0000,0x0000,0x0000,
    0x0000,0x0000,0x0000,0x0000,0x0000,0x2AD1,0x3B96,0x0021,0x0000,0x0000,0x0000,0x0000,
    0x0000,0x0000,0x0000,0x0000,0x0000,0x0000,0x0021,0x0000,0x0000,0x0000,0x0000,0x0000,
};

static const uint16_t aprs_icon_px_73[] PROGMEM = {  // 'y'
    0x0000,0x0000,0x0000,0x0000,0x0000,0x0000,0x0000,0x0000,0x0000,0x0000,0x0000,0x0000,
    0x0000,0x0000,0x0000,0x0000,0x0000,0x0000,0x0000,0x0000,0x0000,0x0000,0x0000,0x0000,
    0x0000,0x0000,0x0000,0x0000,0x0000,0x0000,0x0000,0x0000,0x0000,0x0000,0x0000,0x0000,
    0x0000,0x0000,0x0020,0x0000,0x0000,0x0000,0x0000,0x0000,0x0000,0x0000,0x0000,0x0000,
    0x0000,0x0000,0x18E4,0x0020,0x1082,0x0000,0x0841,0x0841,0x0020,0x0020,0x0000,0x0000,
    0x0000,0x18C3,0x39C7,0x2125,0x3186,0x2124,0x3186,0x3186,0x2125,0x39C7,0x18C3,0x0000,
    0x0020,0x4229,0x630C,0x528B,0x5ACC,0x528A,0x5ACC,0x5ACC,0x52AB,0x630D,0x4A49,0x0020,
    0x0000,0x0000,0x18E3,0x0000,0x0862,0x0000,0x0020,0x0020,0x0000,0x0000,0x0000,0x0000,
    0x0000,0x0000,0x0020,0x0000,0x0000,0x0000,0x0000,0x0000,0x0000,0x0000,0x0000,0x0000,
    0x0000,0x0000,0x0000,0x0000,0x0000,0x0000,0x0000,0x0000,0x0000,0x0000,0x0000,0x0000,
    0x0000,0x0000,0x0000,0x0000,0x0000,0x0000,0x0000,0x0000,0x0000,0x0000,0x0000,0x0000,
    0x0000,0x0000,0x0000,0x0000,0x0000,0x0000,0x0000,0x0000,0x0000,0x0000,0x0000,0x0000,
};

static const uint16_t aprs_icon_px_74[] PROGMEM = {  // '|'
    0x0000,0x0000,0x0000,0x0000,0x0000,0x0000,0x0000,0x0000,0x0000,0x0000,0x0000,0x0000,
    0x0000,0x0000,0x0000,0x0000,0x0000,0x0000,0x0000,0x0000,0x0000,0x0000,0x0000,0x0000,
    0x0000,0x0000,0x0000,0x0000,0x0000,0x0000,0x0000,0x0000,0x0000,0x0061,0x0000,0x0000,
    0x0000,0x0000,0x08A3,0x10E4,0x10E4,0x10E4,0x10E4,0x10E4,0x10E4,0x4392,0x5434,0x08A3,
    0x0000,0x0000,0x2A0A,0x32ED,0x32AD,0x32AD,0x32AD,0x32CE,0x32AD,0x5CD8,0x761E,0x1946,
    0x0000,0x0000,0x0000,0x0000,0x0000,0x0000,0x0000,0x0000,0x0000,0x21C9,0x08A3,0x0000,
    0x0000,0x08A3,0x21C9,0x0000,0x0000,0x0000,0x0000,0x0000,0x0000,0x0000,0x0000,0x0000,
    0x1946,0x763E,0x5476,0x21E9,0x21EA,0x21E9,0x21E9,0x21E9,0x2209,0x1967,0x0000,0x0000,
    0x08C3,0x4C34,0x4C14,0x21E9,0x21E9,0x21E9,0x21E9,0x21E9,0x2209,0x1967,0x0000,0x0000,
    0x0000,0x0000,0x0041,0x0000,0x0000,0x0000,0x0000,0x0000,0x0000,0x0000,0x0000,0x0000,
    0x0000,0x0000,0x0000,0x0000,0x0000,0x0000,0x0000,0x0000,0x0000,0x0000,0x0000,0x0000,
    0x0000,0x0000,0x0000,0x0000,0x0000,0x0000,0x0000,0x0000,0x0000,0x0000,0x0000,0x0000,
};

static const uint16_t aprs_icon_px_75[] PROGMEM = {  // '~'
    0x0000,0x0000,0x0000,0x0000,0x0000,0x0000,0x0000,0x0000,0x0000,0x0000,0x0000,0x0000,
    0x0000,0x0000,0x0000,0x0000,0x0000,0x0000,0x0000,0x0000,0x0000,0x0000,0x0000,0x0000,
    0x0000,0x0000,0x0000,0x0000,0x0000,0x0000,0x0000,0x0000,0x0000,0x0061,0x0000,0x0000,
    0x0000,0x0000,0x08A3,0x10E4,0x10E4,0x10E4,0x10E4,0x10E4,0x10E4,0x4392,0x5434,0x08A3,
    0x0000,0x0000,0x2A0A,0x32ED,0x32AD,0x32AD,0x32AD,0x32CE,0x32AD,0x5CD8,0x761E,0x1946,
    0x0000,0x0000,0x0000,0x0000,0x0000,0x0000,0x0000,0x0000,0x0000,0x21C9,0x08A3,0x0000,
    0x0000,0x08A3,0x21C9,0x0000,0x0000,0x0000,0x0000,0x0000,0x0000,0x0000,0x0000,0x0000,
    0x1946,0x763E,0x5476,0x21E9,0x21EA,0x21E9,0x21E9,0x21E9,0x2209,0x1967,0x0000,0x0000,
    0x08C3,0x4C34,0x4C14,0x21E9,0x21E9,0x21E9,0x21E9,0x21E9,0x2209,0x1967,0x0000,0x0000,
    0x0000,0x0000,0x0041,0x0000,0x0000,0x0000,0x0000,0x0000,0x0000,0x0000,0x0000,0x0000,
    0x0000,0x0000,0x0000,0x0000,0x0000,0x0000,0x0000,0x0000,0x0000,0x0000,0x0000,0x0000,
    0x0000,0x0000,0x0000,0x0000,0x0000,0x0000,0x0000,0x0000,0x0000,0x0000,0x0000,0x0000,
};

static const APRSIconDef aprs_icons[] = {
    { '>', aprs_icon_px_0 },
    { 'k', aprs_icon_px_1 },
    { '-', aprs_icon_px_2 },
    { '_', aprs_icon_px_3 },
    { 'W', aprs_icon_px_4 },
    { 'b', aprs_icon_px_5 },
    { 'v', aprs_icon_px_6 },
    { 'R', aprs_icon_px_7 },
    { 'j', aprs_icon_px_8 },
    { 'f', aprs_icon_px_9 },
    { 'a', aprs_icon_px_10 },
    { 'U', aprs_icon_px_11 },
    { 'Y', aprs_icon_px_12 },
    { 'O', aprs_icon_px_13 },
    { 'g', aprs_icon_px_14 },
    { '\'', aprs_icon_px_15 },
    { '^', aprs_icon_px_16 },
    { 'r', aprs_icon_px_17 },
    { '#', aprs_icon_px_18 },
    { '$', aprs_icon_px_19 },
    { 'P', aprs_icon_px_20 },
    { 'x', aprs_icon_px_21 },
    { '9', aprs_icon_px_22 },
    { '[', aprs_icon_px_23 },
    { 'E', aprs_icon_px_24 },
    { '!', aprs_icon_px_25 },
    { '%', aprs_icon_px_26 },
    { '&', aprs_icon_px_27 },
    { '(', aprs_icon_px_28 },
    { ')', aprs_icon_px_29 },
    { '*', aprs_icon_px_30 },
    { '+', aprs_icon_px_31 },
    { ',', aprs_icon_px_32 },
    { '.', aprs_icon_px_33 },
    { '/', aprs_icon_px_34 },
    { ':', aprs_icon_px_35 },
    { ';', aprs_icon_px_36 },
    { '<', aprs_icon_px_37 },
    { '=', aprs_icon_px_38 },
    { '?', aprs_icon_px_39 },
    { 'A', aprs_icon_px_40 },
    { 'B', aprs_icon_px_41 },
    { 'C', aprs_icon_px_42 },
    { 'F', aprs_icon_px_43 },
    { 'G', aprs_icon_px_44 },
    { 'q', aprs_icon_px_45 },
    { 'H', aprs_icon_px_46 },
    { 'I', aprs_icon_px_47 },
    { 'K', aprs_icon_px_48 },
    { 'L', aprs_icon_px_49 },
    { 'M', aprs_icon_px_50 },
    { 'N', aprs_icon_px_51 },
    { 'S', aprs_icon_px_52 },
    { 'T', aprs_icon_px_53 },
    { 'V', aprs_icon_px_54 },
    { 'Z', aprs_icon_px_55 },
    { '\\', aprs_icon_px_56 },
    { ']', aprs_icon_px_57 },
    { '`', aprs_icon_px_58 },
    { 'c', aprs_icon_px_59 },
    { 'd', aprs_icon_px_60 },
    { 'e', aprs_icon_px_61 },
    { 'h', aprs_icon_px_62 },
    { 'i', aprs_icon_px_63 },
    { 'l', aprs_icon_px_64 },
    { 'm', aprs_icon_px_65 },
    { 'n', aprs_icon_px_66 },
    { 'o', aprs_icon_px_67 },
    { 'p', aprs_icon_px_68 },
    { 's', aprs_icon_px_69 },
    { 't', aprs_icon_px_70 },
    { 'u', aprs_icon_px_71 },
    { 'w', aprs_icon_px_72 },
    { 'y', aprs_icon_px_73 },
    { '|', aprs_icon_px_74 },
    { '~', aprs_icon_px_75 },
};
#define N_APRS_ICONS  NARRAY(aprs_icons)

static const uint16_t aprs_alt_icon_px_0[] PROGMEM = {  // '-'
    0x0000,0x0000,0x0000,0x0000,0x0000,0x0000,0x0000,0x0000,0x0000,0x0000,0x0000,0x0000,
    0x0000,0x0000,0x0000,0x0000,0x0000,0x40E2,0x6143,0x0000,0x0000,0x0000,0x0000,0x0000,
    0x0000,0x0000,0x0000,0x0000,0x5943,0xA246,0xAA66,0x6143,0x0000,0x0000,0x0000,0x0000,
    0x0000,0x0000,0x0000,0x6164,0xAA67,0x9A26,0x9A26,0xAA66,0x6984,0x0820,0x0000,0x0000,
    0x0000,0x0820,0x6123,0xAA26,0x99E5,0x99E5,0x9A05,0x99E5,0xAA26,0x8184,0x0820,0x0000,
    0x0820,0x71A4,0xBB49,0xAB29,0xAB29,0xAB29,0xAB09,0xAB29,0xAB29,0xB349,0x71A4,0x0820,
    0x0000,0x1881,0xC5B2,0xDE33,0xD613,0xDE53,0xDE54,0xD613,0xDE33,0xC5B2,0x1881,0x0000,
    0x0000,0x0841,0xC591,0xD613,0xD5F2,0xBD10,0xB4EF,0xCDD2,0xD613,0xC591,0x0841,0x0000,
    0x0000,0x0861,0xC591,0xD5F2,0xD613,0x72A7,0x51A4,0xCDB1,0xD613,0xC591,0x0861,0x0000,
    0x0000,0x0861,0xCDB2,0xDE33,0xDE53,0x7AE8,0x5A05,0xCDD2,0xDE33,0xCDB1,0x0861,0x0000,
    0x0000,0x0841,0xB530,0xC591,0xC5B1,0x6AA7,0x51C4,0xBD30,0xC591,0xB530,0x0841,0x0000,
    0x0000,0x0000,0x0861,0x0861,0x0861,0x0820,0x0020,0x0861,0x0861,0x0861,0x0000,0x0000,
};

static const uint16_t aprs_alt_icon_px_1[] PROGMEM = {  // '9'
    0x0000,0x0000,0x0000,0x0000,0x0000,0x0000,0x0000,0x0000,0x0000,0x0000,0x0000,0x0000,
    0x0000,0x0000,0x0000,0x0800,0x0800,0x0800,0x0800,0x0800,0x0000,0x0000,0x0000,0x0000,
    0x0000,0x0000,0x4082,0xCAEB,0xC34D,0xC32C,0xC34D,0xC228,0x4082,0x0000,0x0000,0x0000,
    0x0000,0x0000,0x68C3,0xFE79,0xF7FF,0xF79E,0xF7FF,0xEB8E,0x68A2,0x0882,0x1082,0x0000,
    0x0000,0x0000,0x60A2,0xF659,0xF7FF,0xEF9E,0xF7FF,0xD36D,0x5124,0x10E3,0x18C3,0x0000,
    0x0000,0x0000,0x60E3,0xDB0C,0xD36D,0xD34D,0xD34D,0xD269,0x50C3,0x0000,0x18C3,0x0000,
    0x0000,0x0000,0x60E3,0xD1C7,0xC186,0xC186,0xC186,0xD9E7,0x60E3,0x0020,0x18C3,0x0000,
    0x0000,0x0000,0x60E3,0xD208,0xC1E7,0xC9E7,0xC1E7,0xD208,0x60E3,0x0020,0x18E3,0x0000,
    0x0000,0x0000,0x60E3,0xD208,0xC1C7,0xC1C7,0xC1C7,0xD208,0x60E3,0x0000,0x1061,0x0000,
    0x0000,0x0000,0x60E3,0xE228,0xD208,0xDA08,0xD208,0xE228,0x60E3,0x0000,0x0000,0x0000,
    0x0000,0x0000,0x1020,0x60E3,0x60E3,0x60E3,0x60E3,0x60E3,0x1020,0x0000,0x0000,0x0000,
    0x0000,0x0000,0x0000,0x0000,0x0000,0x0000,0x0000,0x0000,0x0000,0x0000,0x0000,0x0000,
};

static const uint16_t aprs_alt_icon_px_2[] PROGMEM = {  // '>'
    0x0000,0x0000,0x0000,0x0000,0x0000,0x0000,0x0000,0x0000,0x0000,0x0000,0x0000,0x0000,
    0x0000,0x0000,0x0000,0x0000,0x0020,0x0000,0x0000,0x0020,0x0000,0x0000,0x0000,0x0000,
    0x0000,0x0000,0x10A2,0x426B,0x3A2A,0x3A2A,0x3A2A,0x3A2A,0x42AC,0x2145,0x0000,0x0000,
    0x0000,0x0000,0x31C7,0x42AD,0x0884,0x1106,0x1106,0x0884,0x4AEE,0x5B6F,0x0000,0x0000,
    0x10A3,0x7432,0x9557,0x5B90,0x3A4B,0x428C,0x428C,0x3A4B,0x5B90,0x9D98,0x7CB4,0x2986,
    0x5B4E,0xBEFE,0xAE5B,0xAE5B,0xB69C,0xB67C,0xB67C,0xB69C,0xAE5B,0xAE5B,0xBEDE,0x8D16,
    0x5B6F,0xB6BD,0xAE7C,0xB69C,0xA63B,0xA61A,0xA61A,0xA63B,0xB69C,0xB69C,0xB69C,0x8D16,
    0x530D,0x9DB8,0x3A08,0x638F,0xB6BD,0xB6BD,0xB6BD,0xB6BD,0x638F,0x39E8,0x9DB9,0x84B4,
    0x0041,0x1904,0x0820,0x0861,0x4ACC,0x532E,0x532E,0x4ACC,0x0861,0x0000,0x2966,0x10C3,
    0x0000,0x0020,0x18C3,0x10A2,0x0000,0x0000,0x0000,0x0000,0x1082,0x18C3,0x0020,0x0000,
    0x0000,0x0000,0x0020,0x0000,0x0000,0x0000,0x0000,0x0000,0x0000,0x0020,0x0000,0x0000,
    0x0000,0x0000,0x0000,0x0000,0x0000,0x0000,0x0000,0x0000,0x0000,0x0000,0x0000,0x0000,
};

static const uint16_t aprs_alt_icon_px_3[] PROGMEM = {  // 'O'
    0x0000,0x0000,0x0000,0x0000,0x0000,0x38C3,0x38C3,0x0000,0x0000,0x0000,0x0000,0x0000,
    0x0000,0x0000,0x0000,0x2882,0xBA69,0xE2EB,0xE2EB,0xBA69,0x2882,0x0000,0x0000,0x0000,
    0x0000,0x0000,0x1041,0xCAAA,0xEB0C,0xDACB,0xDACB,0xEB0C,0xCAAA,0x1041,0x0000,0x0000,
    0x0000,0x0000,0x6145,0xEB0C,0xD2AA,0xDACB,0xDACB,0xD2AA,0xEB0C,0x6145,0x0000,0x0000,
    0x0000,0x0000,0x7165,0xEB0C,0xD2AA,0xDACB,0xDACB,0xD2AA,0xEB0C,0x7165,0x0000,0x0000,
    0x0000,0x0000,0x2061,0xE2EB,0xE2EB,0xDACB,0xDACB,0xE2EB,0xE2EB,0x2061,0x0000,0x0000,
    0x0000,0x0000,0x0000,0x5104,0xE2EB,0xE2EB,0xE2EB,0xE2EB,0x5104,0x0000,0x0000,0x0000,
    0x0000,0x0000,0x0000,0x0000,0x2061,0xA208,0xB249,0x2061,0x0000,0x0000,0x0000,0x0000,
    0x0000,0x0000,0x0000,0x0000,0x0000,0x91C7,0xAA08,0x0000,0x0000,0x0000,0x0000,0x0000,
    0x0000,0x0000,0x0000,0x0000,0x1061,0x51A5,0x51A4,0x1061,0x0000,0x0000,0x0000,0x0000,
    0x0000,0x0000,0x0000,0x0000,0x20C2,0x8328,0x8328,0x20C2,0x0000,0x0000,0x0000,0x0000,
    0x0000,0x0000,0x0000,0x0000,0x0820,0x20C2,0x20C2,0x0820,0x0000,0x0000,0x0000,0x0000,
};

static const uint16_t aprs_alt_icon_px_4[] PROGMEM = {  // '^'
    0x0000,0x0000,0x0000,0x0000,0x0000,0x0000,0x0000,0x0000,0x0000,0x0000,0x0000,0x0000,
    0x0000,0x0000,0x0000,0x0000,0x0000,0x0861,0x4AED,0x0021,0x0000,0x0000,0x0000,0x0000,
    0x0000,0x0000,0x0000,0x0000,0x0000,0x5B6F,0xA5FB,0x0020,0x0000,0x0000,0x0000,0x0000,
    0x0000,0x0000,0x0020,0x0000,0x0882,0xAE5C,0x7453,0x0000,0x0020,0x0020,0x0000,0x0000,
    0x0000,0x0000,0x0000,0x0000,0x63D1,0xC73F,0x4AAC,0x0000,0x0000,0x0000,0x0000,0x0000,
    0x0000,0x428B,0x63B0,0x6390,0xA61B,0xB67D,0x7C94,0x5B6F,0x5B6F,0x63B0,0x428B,0x0000,
    0x0000,0x63D1,0x9578,0x8D37,0xAE5D,0xAE5D,0x9DBA,0x8D37,0x8D17,0x9578,0x63D1,0x0000,
    0x0000,0x0000,0x0000,0x0000,0x6C12,0xC73F,0x4ACC,0x0000,0x0000,0x0000,0x0000,0x0000,
    0x0000,0x0000,0x0020,0x0000,0x10C3,0xB6BE,0x7433,0x0000,0x0020,0x0000,0x0000,0x0000,
    0x0000,0x0000,0x0000,0x0000,0x0000,0x6390,0xA5FB,0x0020,0x0000,0x0000,0x0000,0x0000,
    0x0000,0x0000,0x0000,0x0000,0x0000,0x0861,0x4AED,0x0021,0x0000,0x0000,0x0000,0x0000,
    0x0000,0x0000,0x0000,0x0000,0x0000,0x0000,0x0000,0x0000,0x0000,0x0000,0x0000,0x0000,
};

static const uint16_t aprs_alt_icon_px_5[] PROGMEM = {  // '_'
    0x0000,0x0000,0x0000,0x0000,0x0000,0x0000,0x0000,0x0000,0x0000,0x0000,0x0000,0x0000,
    0x0000,0x0000,0x0000,0x0000,0x0000,0x0000,0x0000,0x0000,0x0000,0x0000,0x0000,0x0000,
    0x0000,0x0000,0x0000,0x0000,0x0000,0x4A6A,0xAD76,0xA514,0x2966,0x0000,0x0000,0x0000,
    0x0000,0x0000,0x0000,0x0861,0x632D,0xF79F,0xEF7E,0xF79F,0xE71D,0x2966,0x0000,0x0000,
    0x0000,0x1082,0x8C72,0xD6BB,0xE73D,0xE71D,0xDEFD,0xDEDC,0xF79F,0xA535,0x0000,0x0000,
    0x0000,0x9CD3,0xFFFF,0xE71D,0xE71D,0xE71D,0xE71D,0xE71D,0xDEFD,0xE73E,0xA514,0x1082,
    0x1082,0xD69B,0xE71D,0xDEFD,0xE71D,0xDEFD,0xE71D,0xDEFD,0xE71D,0xDEFD,0xF7BF,0x6B6E,
    0x0020,0xB597,0xF7BF,0xDEFC,0xE71D,0xEF5E,0xE71D,0xEF5E,0xE71D,0xDEFC,0xF7BF,0x6B6E,
    0x0000,0x2966,0xC619,0xEF7E,0xEF5E,0xA515,0x2965,0xA515,0xEF5E,0xEF5E,0xA514,0x1082,
    0x0000,0x0000,0x0000,0x39E7,0x3186,0x0000,0x0000,0x0000,0x3186,0x3186,0x0000,0x0000,
    0x0000,0x0000,0x0000,0x0000,0x0000,0x0000,0x0000,0x0000,0x0000,0x0000,0x0000,0x0000,
    0x0000,0x0000,0x0000,0x0000,0x0000,0x0000,0x0000,0x0000,0x0000,0x0000,0x0000,0x0000,
};

static const uint16_t aprs_alt_icon_px_6[] PROGMEM = {  // 's'
    0x0000,0x0000,0x0000,0x0000,0x0000,0x0000,0x0000,0x0000,0x0000,0x0000,0x0000,0x0000,
    0x0000,0x0000,0x0000,0x0000,0x0000,0x0000,0x0000,0x0000,0x0000,0x0000,0x0000,0x0000,
    0x0000,0x0000,0x0000,0x0000,0x0000,0x0000,0x0000,0x0000,0x0000,0x0000,0x0000,0x0000,
    0x0000,0x0000,0x0000,0x0000,0x0000,0x0000,0x0000,0x0000,0x0000,0x0000,0x0000,0x0000,
    0x0000,0x0000,0x0000,0x0000,0x31EA,0x42AE,0x428E,0x3A6D,0x0021,0x0000,0x0000,0x0000,
    0x0000,0x0000,0x0000,0x0000,0x4ACE,0x63D4,0x63B4,0x5B72,0x0841,0x0000,0x0000,0x0000,
    0x0000,0x0000,0x0000,0x0000,0x3A4D,0x5352,0x5332,0x4AF0,0x0000,0x0000,0x0000,0x0000,
    0x1082,0x8C72,0x9CD4,0x9493,0x94D5,0x8CD6,0x8CD6,0x8CD6,0x9493,0x9CD4,0x8C72,0x1082,
    0x0000,0x528A,0xE71D,0xDEDC,0xDEBB,0xDEBB,0xDEBB,0xDEBB,0xDEDC,0xE71D,0x528A,0x0000,
    0x0041,0x0042,0x73D1,0xA557,0x9D16,0x9D16,0x9D16,0x9D16,0xA557,0x73D1,0x0042,0x0041,
    0x08C5,0x198A,0x0928,0x1128,0x1128,0x1128,0x1128,0x1128,0x1128,0x0928,0x198A,0x08C5,
    0x0000,0x0000,0x0000,0x0000,0x0000,0x0000,0x0000,0x0000,0x0000,0x0000,0x0000,0x0000,
};

static const uint16_t aprs_alt_icon_px_7[] PROGMEM = {  // 'u'
    0x0000,0x0000,0x0000,0x0000,0x0000,0x0000,0x0000,0x0000,0x0000,0x0000,0x0000,0x0000,
    0x0000,0x0000,0x0000,0x0000,0x0000,0x0000,0x0000,0x0000,0x0000,0x0000,0x0000,0x0000,
    0x0000,0x0000,0x0000,0x0000,0x0000,0x0000,0x0000,0x0840,0x1060,0x1060,0x1040,0x0020,
    0x0000,0x0000,0x0000,0x0000,0x0000,0x0000,0x0000,0x9327,0x8308,0x72C7,0x8B48,0x51E4,
    0x18A1,0x3143,0x3122,0x3122,0x3122,0x3122,0x3963,0x9B68,0x2167,0x08E7,0x4A28,0x6224,
    0x72A6,0xDD2C,0xCCCB,0xD4EB,0xD4EB,0xD4EB,0xD4CB,0xA3A8,0x3187,0x1927,0x5248,0x6224,
    0x6265,0xD50C,0xD4EB,0xCCAB,0xC48A,0xC48B,0xC48A,0xABA8,0xA388,0xABC9,0xB3E9,0x59E4,
    0x7AC6,0xB42A,0x6266,0xBC6A,0xDD2C,0xD50C,0xD4EB,0xBC29,0xA388,0x5A05,0x9B68,0x6245,
    0x3143,0x2903,0x0001,0x3164,0x6A65,0x6245,0x6245,0x5A04,0x2923,0x0021,0x20E3,0x2902,
    0x0000,0x0861,0x18C3,0x0021,0x0000,0x0000,0x0000,0x0000,0x0021,0x18C3,0x0861,0x0000,
    0x0000,0x0000,0x0020,0x0000,0x0000,0x0000,0x0000,0x0000,0x0000,0x0020,0x0000,0x0000,
    0x0000,0x0000,0x0000,0x0000,0x0000,0x0000,0x0000,0x0000,0x0000,0x0000,0x0000,0x0000,
};

static const uint16_t aprs_alt_icon_px_8[] PROGMEM = {  // 'v'
    0x0000,0x0000,0x0000,0x0000,0x0000,0x0000,0x0000,0x0000,0x0000,0x0000,0x0000,0x0000,
    0x0000,0x0000,0x0000,0x0000,0x0000,0x0000,0x0000,0x0000,0x0000,0x0000,0x0000,0x0000,
    0x0000,0x0000,0x0000,0x0000,0x0000,0x0000,0x0000,0x0000,0x0000,0x0000,0x0000,0x0000,
    0x0000,0x2189,0x4B33,0x4AF1,0x4B12,0x42F1,0x42D1,0x42D1,0x42D1,0x42F2,0x320C,0x0020,
    0x0001,0x8D19,0xD75F,0xC6DE,0xCF3F,0x957C,0x53B8,0x6419,0x5BF9,0x5BF9,0x6419,0x1906,
    0x0001,0x84F8,0xCEFE,0xBE9C,0xCEFD,0x8D3A,0x5377,0x5BD7,0x5BB7,0x5BB7,0x5BD8,0x1906,
    0x0021,0x5B96,0x6439,0x6419,0x63F8,0x5BD7,0x5BB7,0x5BD7,0x5BF8,0x5BF8,0x5BF8,0x1906,
    0x0041,0x4B34,0x2989,0x31EB,0x5BD8,0x5BF9,0x5BF9,0x5BF8,0x31EB,0x2168,0x5BB7,0x1906,
    0x0000,0x10A3,0x1081,0x1061,0x3A4E,0x42F2,0x42F2,0x3A4E,0x1061,0x1061,0x1905,0x0021,
    0x0000,0x0000,0x10A2,0x1082,0x0000,0x0000,0x0000,0x0000,0x1082,0x10A2,0x0000,0x0000,
    0x0000,0x0000,0x0000,0x0000,0x0000,0x0000,0x0000,0x0000,0x0000,0x0000,0x0000,0x0000,
    0x0000,0x0000,0x0000,0x0000,0x0000,0x0000,0x0000,0x0000,0x0000,0x0000,0x0000,0x0000,
};

static const uint16_t aprs_alt_icon_px_9[] PROGMEM = {  // '|'
    0x0000,0x0000,0x0000,0x0000,0x0000,0x0000,0x0000,0x0000,0x0000,0x0000,0x0000,0x0000,
    0x0000,0x0000,0x0000,0x0000,0x0000,0x0000,0x0000,0x0000,0x0000,0x0000,0x0000,0x0000,
    0x0000,0x0000,0x0000,0x0000,0x0000,0x0000,0x0000,0x0000,0x0000,0x0061,0x0000,0x0000,
    0x0000,0x0000,0x08A3,0x10E4,0x10E4,0x10E4,0x10E4,0x10E4,0x10E4,0x4392,0x5434,0x08A3,
    0x0000,0x0000,0x2A0A,0x32ED,0x32AD,0x32AD,0x32AD,0x32CE,0x32AD,0x5CD8,0x761E,0x1946,
    0x0000,0x0000,0x0000,0x0000,0x0000,0x0000,0x0000,0x0000,0x0000,0x21C9,0x08A3,0x0000,
    0x0000,0x08A3,0x21C9,0x0000,0x0000,0x0000,0x0000,0x0000,0x0000,0x0000,0x0000,0x0000,
    0x1946,0x763E,0x5476,0x21E9,0x21EA,0x21E9,0x21E9,0x21E9,0x2209,0x1967,0x0000,0x0000,
    0x08C3,0x4C34,0x4C14,0x21E9,0x21E9,0x21E9,0x21E9,0x21E9,0x2209,0x1967,0x0000,0x0000,
    0x0000,0x0000,0x0041,0x0000,0x0000,0x0000,0x0000,0x0000,0x0000,0x0000,0x0000,0x0000,
    0x0000,0x0000,0x0000,0x0000,0x0000,0x0000,0x0000,0x0000,0x0000,0x0000,0x0000,0x0000,
    0x0000,0x0000,0x0000,0x0000,0x0000,0x0000,0x0000,0x0000,0x0000,0x0000,0x0000,0x0000,
};

static const uint16_t aprs_alt_icon_px_10[] PROGMEM = {  // '~'
    0x0000,0x0000,0x0000,0x0000,0x0000,0x0000,0x0000,0x0000,0x0000,0x0000,0x0000,0x0000,
    0x0000,0x0000,0x0000,0x0000,0x0000,0x0000,0x0000,0x0000,0x0000,0x0000,0x0000,0x0000,
    0x0000,0x0000,0x0000,0x0000,0x0000,0x0000,0x0000,0x0000,0x0000,0x0061,0x0000,0x0000,
    0x0000,0x0000,0x08A3,0x10E4,0x10E4,0x10E4,0x10E4,0x10E4,0x10E4,0x4392,0x5434,0x08A3,
    0x0000,0x0000,0x2A0A,0x32ED,0x32AD,0x32AD,0x32AD,0x32CE,0x32AD,0x5CD8,0x761E,0x1946,
    0x0000,0x0000,0x0000,0x0000,0x0000,0x0000,0x0000,0x0000,0x0000,0x21C9,0x08A3,0x0000,
    0x0000,0x08A3,0x21C9,0x0000,0x0000,0x0000,0x0000,0x0000,0x0000,0x0000,0x0000,0x0000,
    0x1946,0x763E,0x5476,0x21E9,0x21EA,0x21E9,0x21E9,0x21E9,0x2209,0x1967,0x0000,0x0000,
    0x08C3,0x4C34,0x4C14,0x21E9,0x21E9,0x21E9,0x21E9,0x21E9,0x2209,0x1967,0x0000,0x0000,
    0x0000,0x0000,0x0041,0x0000,0x0000,0x0000,0x0000,0x0000,0x0000,0x0000,0x0000,0x0000,
    0x0000,0x0000,0x0000,0x0000,0x0000,0x0000,0x0000,0x0000,0x0000,0x0000,0x0000,0x0000,
    0x0000,0x0000,0x0000,0x0000,0x0000,0x0000,0x0000,0x0000,0x0000,0x0000,0x0000,0x0000,
};

static const uint16_t aprs_alt_icon_px_11[] PROGMEM = {  // '#'
    0x0000,0x0000,0x0000,0x0000,0x0000,0x0000,0x0000,0x0000,0x0000,0x0000,0x0000,0x0000,
    0x0000,0x0000,0x0000,0x0000,0x1020,0xC1E7,0xC208,0x1020,0x0000,0x0000,0x0000,0x0000,
    0x0000,0x0000,0x0000,0x0000,0x40A2,0xFAAA,0xFAAA,0x40A2,0x0000,0x0000,0x0000,0x0000,
    0x0000,0x0000,0x0000,0x0000,0x0000,0xA1E7,0xAA49,0x0000,0x0000,0x0000,0x0000,0x0000,
    0x0000,0x0000,0x0000,0x0000,0x0000,0x31E7,0x634D,0x0000,0x0020,0x0000,0x0000,0x0000,
    0x0000,0x0000,0x0000,0x2965,0x632C,0x7BEF,0x9492,0x632C,0x3186,0x0000,0x0000,0x0000,
    0x0000,0x0000,0x0000,0x0000,0x0000,0x4208,0x6B4D,0x0000,0x0020,0x0000,0x0000,0x0000,
    0x0000,0x0000,0x0000,0x0000,0x0000,0x4208,0x6B4D,0x0000,0x0020,0x0000,0x0000,0x0000,
    0x0000,0x0000,0x0000,0x0000,0x0000,0x31A6,0x630C,0x0000,0x0000,0x0000,0x0000,0x0000,
    0x0000,0x0000,0x0000,0x2104,0x4228,0x6B6D,0x8C71,0x4228,0x2104,0x0000,0x0000,0x0000,
    0x0000,0x0000,0x0000,0x3186,0x6B6D,0x630C,0x630C,0x6B6D,0x3186,0x0000,0x0000,0x0000,
    0x0000,0x0000,0x0000,0x0000,0x0000,0x0000,0x0000,0x0000,0x0000,0x0000,0x0000,0x0000,
};

static const uint16_t aprs_alt_icon_px_12[] PROGMEM = {  // '&'
    0x0000,0x0000,0x0000,0x0000,0x0000,0x0000,0x0000,0x0000,0x0000,0x0000,0x0000,0x0000,
    0x0000,0x0000,0x0000,0x0000,0x0000,0x0000,0x0000,0x0000,0x0000,0x0000,0x0000,0x0000,
    0x0000,0x0000,0x1082,0x8C72,0x2966,0x0000,0x0000,0x0000,0x0000,0x0000,0x0000,0x0000,
    0x0000,0x18E3,0x6B4D,0x9493,0x73AF,0x3186,0x0000,0x0000,0x0000,0x0000,0x0000,0x0000,
    0x0000,0x2104,0x10A2,0x6B4E,0x18C3,0x4A49,0x0841,0x0020,0x0020,0x0020,0x0020,0x0000,
    0x0000,0x0000,0x0000,0x7BF0,0x1082,0x0000,0x0000,0x0000,0x0000,0x0000,0x1963,0x2225,
    0x0000,0x0000,0x0000,0x7BD0,0x10A3,0x0000,0x19A4,0x3B89,0x3B48,0x3B48,0x548B,0x65AE,
    0x0000,0x0000,0x0000,0x7BD0,0x10C3,0x0000,0x440A,0x97F5,0x8FD3,0x8FF4,0x8793,0x7F11,
    0x0000,0x0000,0x0000,0x7BD0,0x10A3,0x0000,0x19A4,0x3B89,0x3B48,0x3B48,0x54AB,0x54CC,
    0x0000,0x0000,0x0000,0x7BF0,0x10A2,0x0000,0x0000,0x0000,0x0000,0x0000,0x1123,0x1963,
    0x0000,0x0000,0x0000,0x738E,0x1082,0x0000,0x0000,0x0020,0x0020,0x0020,0x0000,0x0000,
    0x0000,0x0000,0x0000,0x0841,0x0000,0x0000,0x0000,0x0000,0x0000,0x0000,0x0000,0x0000,
};

static const uint16_t aprs_alt_icon_px_13[] PROGMEM = {  // '!'
    0x0000,0x0000,0x0000,0x0000,0x0000,0x6081,0x2020,0x0000,0x0000,0x0000,0x0000,0x0000,
    0x0000,0x0000,0x0000,0x0000,0x0000,0xC123,0x4861,0x0000,0x0000,0x0000,0x0000,0x0000,
    0x0000,0x0000,0x98C2,0x3861,0x0000,0x9082,0x5021,0x0000,0x4041,0x98C2,0x0000,0x0000,
    0x0000,0x0000,0x4061,0xD923,0x3000,0x9203,0x9203,0x3000,0xD923,0x4061,0x0000,0x0000,
    0x0000,0x0000,0x0000,0x2000,0xF485,0xFF27,0xFF27,0xF485,0x2800,0x0000,0x0000,0x0000,
    0x4061,0x88C2,0x8082,0x9203,0xFF27,0xFEC7,0xFEC7,0xFF27,0x61C2,0x4841,0x4861,0x2020,
    0x4061,0x88C2,0x8082,0x9203,0xFF27,0xFEC7,0xFEC7,0xFF27,0xBA23,0xB0C2,0xC103,0x6081,
    0x0000,0x0000,0x0000,0x2000,0xF485,0xFF27,0xFF27,0xF485,0x2820,0x0000,0x0000,0x0000,
    0x0000,0x0000,0x4061,0xD923,0x3000,0x61C2,0xBA23,0x3000,0xD123,0x4061,0x0000,0x0000,
    0x0000,0x0000,0x98C2,0x3841,0x0000,0x4000,0xB0A2,0x0000,0x3841,0x98C2,0x0000,0x0000,
    0x0000,0x0000,0x0000,0x0000,0x0000,0x4861,0xB923,0x0000,0x0000,0x0000,0x0000,0x0000,
    0x0000,0x0000,0x0000,0x0000,0x0000,0x2020,0x6081,0x0000,0x0000,0x0000,0x0000,0x0000,
};

static const uint16_t aprs_alt_icon_px_14[] PROGMEM = {  // '$'
    0x0000,0x0000,0x0000,0x0000,0x0000,0x0000,0x0000,0x0000,0x0000,0x0000,0x0000,0x0000,
    0x0000,0x0000,0x0000,0x0000,0x0000,0x1082,0x10C2,0x0000,0x0000,0x0000,0x0000,0x0000,
    0x0000,0x0000,0x0000,0x0000,0x2985,0x5B6B,0x5B8B,0x29C5,0x0000,0x0000,0x0000,0x0000,
    0x0000,0x0000,0x0041,0x3A47,0x5B8B,0x534A,0x532A,0x5B8B,0x4288,0x0881,0x0000,0x0000,
    0x0000,0x2964,0x7C4E,0x848F,0x7C2E,0x846E,0x7C4E,0x7C4E,0x846F,0x846F,0x29A5,0x0000,
    0x0000,0x4207,0xD676,0x9D11,0xC615,0xA552,0xB593,0xAD73,0xB5B3,0xB5B3,0x4207,0x0000,
    0x0000,0x39A6,0xB5D4,0x5B6B,0xA552,0x638B,0x7C6E,0x740D,0x8CD0,0x740D,0x39A6,0x0000,
    0x0000,0x39C6,0xBDF4,0x63AC,0xAD72,0x6BCC,0x848F,0x7C4E,0x94F0,0x7C4E,0x39C6,0x0000,
    0x0000,0x39C6,0xBDD4,0x638B,0xA552,0x63CC,0x846F,0x7C2E,0x94D0,0x742E,0x39C6,0x0000,
    0x0000,0x39E6,0xC635,0x6BCC,0xB5B3,0x740D,0x8CD0,0x848F,0x9D31,0x848F,0x39E6,0x0000,
    0x0000,0x2924,0x9CB0,0x7BED,0x8C6F,0x7C0E,0x842E,0x842E,0x8C4E,0x8C4E,0x2924,0x0000,
    0x0000,0x0000,0x0000,0x0000,0x0000,0x0000,0x0000,0x0000,0x0000,0x0000,0x0000,0x0000,
};

static const uint16_t aprs_alt_icon_px_15[] PROGMEM = {  // '%'
    0x0000,0x0000,0x0000,0x0000,0x0000,0x18E4,0xAD55,0xDEFC,0x52AB,0x0000,0x0000,0x0000,
    0x0000,0x0000,0x0000,0x0000,0x7BCF,0xDEDC,0xE71D,0xFFDF,0xAD76,0x0000,0x0000,0x0000,
    0x0000,0x0000,0x0000,0x0861,0xD6BB,0xEF5D,0xC618,0x94B3,0x2965,0x0000,0x0000,0x0000,
    0x0000,0x0000,0x0000,0x0000,0x8410,0xEF7E,0x94B3,0x18C3,0x0000,0x0000,0x0000,0x0000,
    0x0000,0x0000,0x0000,0x0000,0x632D,0xB5B7,0xBDD8,0x738F,0x0000,0x0000,0x0000,0x0000,
    0x0000,0x0000,0x0000,0x0000,0x8411,0xB597,0xB597,0x7BF0,0x0000,0x0000,0x0000,0x0000,
    0x0000,0x0000,0x0000,0x0841,0x94B3,0xAD77,0xAD77,0x94B3,0x0841,0x0000,0x0000,0x0000,
    0x0000,0x0000,0x0000,0x0841,0xA515,0xAD76,0xAD76,0xA515,0x0841,0x0000,0x0000,0x0000,
    0x0000,0x0000,0x0000,0x2104,0xAD76,0xAD56,0xAD56,0xAD76,0x2104,0x0000,0x0000,0x0000,
    0x0000,0x0000,0x0000,0x3186,0xB5B8,0xAD56,0xAD56,0xB5B8,0x3186,0x0000,0x0000,0x0000,
    0x0000,0x0000,0x0000,0x4A4A,0xAD56,0x9CD4,0x9CD4,0xAD56,0x4A4A,0x0000,0x0000,0x0000,
    0x0000,0x0000,0x0000,0x0020,0x0861,0x0861,0x0861,0x0861,0x0020,0x0000,0x0000,0x0000,
};

static const uint16_t aprs_alt_icon_px_16[] PROGMEM = {  // '\''
    0x0000,0x0000,0x0000,0x0000,0x0000,0x0000,0x0000,0x0000,0x0000,0x0000,0x0000,0x0000,
    0x0000,0x0000,0x0000,0x30E0,0x0000,0x0000,0x0000,0x0000,0x30E0,0x0000,0x0000,0x0000,
    0x0000,0x0000,0x0000,0x92E2,0x9302,0x0000,0x0000,0x7A62,0x92E2,0x0000,0x0000,0x0000,
    0x0000,0x0020,0x0000,0x4961,0xFD44,0xA322,0x8AC2,0xFD44,0x4961,0x0000,0x0020,0x0000,
    0x0000,0x0000,0x0000,0x20A0,0xE483,0xFCE3,0xFCE4,0xE483,0x20A0,0x0000,0x0000,0x0000,
    0x0820,0x3920,0x92E2,0xDC43,0xECA3,0xECA3,0xECA3,0xECA3,0xDC43,0x92E2,0x3920,0x0820,
    0x0840,0x59C1,0xAB62,0xDC43,0xECA3,0xECA3,0xECA3,0xECA3,0xDC43,0xAB62,0x59C1,0x0840,
    0x0000,0x0000,0x0000,0x20A0,0xE483,0xFCE3,0xFCE4,0xE483,0x20A0,0x0000,0x0000,0x0000,
    0x0000,0x0020,0x0000,0x4961,0xFD44,0xA322,0x8AC2,0xFD44,0x4961,0x0000,0x0020,0x0000,
    0x0000,0x0000,0x0000,0x92E2,0x9302,0x0000,0x0000,0x7A62,0x92E2,0x0000,0x0000,0x0000,
    0x0000,0x0000,0x0000,0x30E0,0x0000,0x0000,0x0000,0x0000,0x30E0,0x0000,0x0000,0x0000,
    0x0000,0x0000,0x0000,0x0000,0x0000,0x0000,0x0000,0x0000,0x0000,0x0000,0x0000,0x0000,
};

static const uint16_t aprs_alt_icon_px_17[] PROGMEM = {  // '('
    0x0000,0x0000,0x0000,0x0000,0x0000,0x0000,0x0000,0x0000,0x0000,0x0000,0x0000,0x0000,
    0x0000,0x0000,0x0000,0x0000,0x0000,0x0000,0x0000,0x0000,0x0000,0x0000,0x0000,0x0000,
    0x0000,0x0000,0x0000,0x0000,0x0000,0x0000,0x2125,0x2125,0x0000,0x0000,0x0000,0x0000,
    0x0000,0x0000,0x0000,0x0000,0x0000,0x7BCF,0xB597,0xB597,0x73AF,0x0020,0x0000,0x0000,
    0x0000,0x0000,0x0861,0x4A6A,0x6B4E,0xB5B7,0xAD56,0xA536,0xBDD8,0x39E8,0x0000,0x0000,
    0x0000,0x18C3,0x9CF4,0xBDD8,0xB597,0xAD56,0xAD56,0xAD56,0xAD56,0xAD56,0x39E8,0x0000,
    0x0000,0x5ACB,0xBDF8,0xA515,0xA535,0xAD56,0xB597,0xAD56,0xA536,0xAD56,0xB597,0x2945,
    0x0000,0x2965,0xB597,0xB5B7,0xB597,0xB5B8,0x7BF0,0xAD56,0xB5B8,0xB5B8,0xA515,0x18E3,
    0x0000,0x0000,0x2965,0x7BCF,0x8411,0x4208,0x0000,0x39C7,0x8411,0x7BD0,0x18E4,0x0000,
    0x0000,0x0000,0x0000,0x0000,0x0000,0x0000,0x0000,0x0000,0x0000,0x0000,0x0000,0x0000,
    0x0000,0x0000,0x0000,0x0000,0x0000,0x0000,0x0000,0x0000,0x0000,0x0000,0x0000,0x0000,
    0x0000,0x0000,0x0000,0x0000,0x0000,0x0000,0x0000,0x0000,0x0000,0x0000,0x0000,0x0000,
};

static const uint16_t aprs_alt_icon_px_18[] PROGMEM = {  // ')'
    0x0000,0x0000,0x0000,0x0000,0x0000,0x0000,0x0000,0x0000,0x0000,0x0000,0x0000,0x0000,
    0x0000,0x0000,0x0000,0x0000,0x0000,0x0000,0x0000,0x0000,0x0000,0x0000,0x0000,0x0000,
    0x0000,0x0000,0x0000,0x0000,0x0000,0x0000,0x0000,0x0000,0x0000,0x0000,0x0000,0x0000,
    0x0000,0x0000,0x0000,0x0000,0x0000,0x0000,0x0000,0x0000,0x0000,0x0000,0x0000,0x0000,
    0x0000,0x0000,0x0000,0x0000,0x0000,0x4A6A,0x4A6A,0x0000,0x0000,0x0000,0x0000,0x0000,
    0x196A,0x32F5,0x32D3,0x2293,0x5B2F,0xDEBB,0xDEBB,0x5B2F,0x2293,0x32D3,0x32F5,0x196A,
    0x196A,0x32F5,0x32D3,0x2293,0x5B2F,0xDEBB,0xDEBB,0x5B2F,0x2293,0x32D3,0x32F5,0x196A,
    0x0000,0x0000,0x0000,0x0000,0x0000,0x4A6A,0x4A6A,0x0000,0x0000,0x0000,0x0000,0x0000,
    0x0000,0x0000,0x0000,0x0000,0x0000,0x0000,0x0000,0x0000,0x0000,0x0000,0x0000,0x0000,
    0x0000,0x0000,0x0000,0x0000,0x0000,0x0000,0x0000,0x0000,0x0000,0x0000,0x0000,0x0000,
    0x0000,0x0000,0x0000,0x0000,0x0000,0x0000,0x0000,0x0000,0x0000,0x0000,0x0000,0x0000,
    0x0000,0x0000,0x0000,0x0000,0x0000,0x0000,0x0000,0x0000,0x0000,0x0000,0x0000,0x0000,
};

static const uint16_t aprs_alt_icon_px_19[] PROGMEM = {  // '+'
    0x0000,0x0000,0x0000,0x0000,0x0000,0x0000,0x0000,0x0000,0x0000,0x0000,0x0000,0x0000,
    0x0000,0x0000,0x0000,0x0000,0x0000,0x630C,0x630C,0x0000,0x0000,0x0000,0x0000,0x0000,
    0x0000,0x0000,0x0000,0x0020,0x0000,0x8C71,0x8C71,0x0000,0x0020,0x0000,0x0000,0x0000,
    0x0000,0x0000,0x0000,0x0841,0x0020,0x8430,0x8430,0x0020,0x0841,0x0000,0x0000,0x0000,
    0x0000,0x0000,0x0000,0x0000,0x0000,0x7BCF,0x7BCF,0x0000,0x0000,0x0000,0x0000,0x0000,
    0x0000,0x0000,0x630C,0x8C72,0x8410,0xBDF8,0xBDF8,0x8410,0x8C72,0x630C,0x0000,0x0000,
    0x0000,0x0000,0x630C,0x8C72,0x8410,0xBDF8,0xBDF8,0x8410,0x8C72,0x630C,0x0000,0x0000,
    0x0000,0x0000,0x0000,0x0000,0x0000,0x7BCF,0x7BCF,0x0000,0x0000,0x0000,0x0000,0x0000,
    0x0000,0x0000,0x0000,0x0841,0x0020,0x8430,0x8430,0x0020,0x0841,0x0000,0x0000,0x0000,
    0x0000,0x0000,0x0000,0x0020,0x0000,0x8C71,0x8C71,0x0000,0x0020,0x0000,0x0000,0x0000,
    0x0000,0x0000,0x0000,0x0000,0x0000,0x630C,0x630C,0x0000,0x0000,0x0000,0x0000,0x0000,
    0x0000,0x0000,0x0000,0x0000,0x0000,0x0000,0x0000,0x0000,0x0000,0x0000,0x0000,0x0000,
};

static const uint16_t aprs_alt_icon_px_20[] PROGMEM = {  // ','
    0x0000,0x0000,0x0000,0x0000,0x0000,0x0000,0x0000,0x0000,0x0000,0x0000,0x0000,0x0000,
    0x0000,0x0000,0x0000,0x0000,0x0000,0x0902,0x0902,0x0000,0x0000,0x0000,0x0000,0x0000,
    0x0000,0x0000,0x0000,0x0040,0x2B68,0x3CEB,0x3CEB,0x2B68,0x0040,0x0000,0x0000,0x0000,
    0x0000,0x0000,0x0000,0x1A25,0x454C,0x3C8B,0x3C8B,0x454C,0x1A25,0x0000,0x0000,0x0000,
    0x0000,0x0000,0x0000,0x19E4,0x44EC,0x3C8B,0x3C8B,0x44EC,0x19E4,0x0000,0x0000,0x0000,
    0x0000,0x0000,0x08E2,0x2B88,0x3CCB,0x3CAB,0x3CAB,0x3CCB,0x2B88,0x08E2,0x0000,0x0000,
    0x0000,0x0061,0x344A,0x450C,0x3CAB,0x3C6A,0x342A,0x3CAB,0x450C,0x344A,0x0061,0x0000,
    0x0000,0x0922,0x450C,0x3C8A,0x3CAB,0x3CCB,0x3CCB,0x3CAB,0x3C8A,0x450C,0x0922,0x0000,
    0x0000,0x0020,0x2BA8,0x452C,0x452C,0x2B68,0x22A6,0x452C,0x452C,0x2BA8,0x0020,0x0000,
    0x0000,0x0000,0x0040,0x1A25,0x1A25,0x0020,0x0000,0x11C4,0x1A45,0x0040,0x0000,0x0000,
    0x0000,0x0000,0x0000,0x0000,0x0000,0x0000,0x0000,0x0000,0x0000,0x0000,0x0000,0x0000,
    0x0000,0x0000,0x0000,0x0000,0x0000,0x0000,0x0000,0x0000,0x0000,0x0000,0x0000,0x0000,
};

static const uint16_t aprs_alt_icon_px_21[] PROGMEM = {  // '.'
    0x0000,0x0000,0x0000,0x0000,0x0000,0x0000,0x0000,0x0000,0x0000,0x0000,0x0000,0x0000,
    0x0000,0x0000,0x0000,0x0000,0x2841,0x7904,0x7904,0x2041,0x0000,0x0000,0x0000,0x0000,
    0x0000,0x0000,0x0000,0x60C3,0xD1C7,0x8924,0x8924,0xD1C7,0x58C3,0x0000,0x0000,0x0000,
    0x0000,0x0000,0x0000,0x8924,0x2041,0x0000,0x0000,0x2041,0xC1A6,0x1820,0x0000,0x0000,
    0x0000,0x0000,0x0000,0x0000,0x0000,0x0000,0x0800,0x0000,0xA965,0x48A2,0x0000,0x0000,
    0x0000,0x0000,0x0000,0x0000,0x0000,0x0000,0x0000,0x2041,0xC1A6,0x1820,0x0000,0x0000,
    0x0000,0x0000,0x0000,0x0000,0x0000,0x1820,0x8124,0xD1C7,0x50C3,0x0000,0x0000,0x0000,
    0x0000,0x0000,0x0000,0x0000,0x0000,0x48A2,0xD9C7,0x2041,0x0000,0x0000,0x0000,0x0000,
    0x0000,0x0000,0x0000,0x0000,0x0000,0x0000,0x1820,0x0000,0x0000,0x0000,0x0000,0x0000,
    0x0000,0x0000,0x0000,0x0000,0x0000,0x60C3,0x58C3,0x0000,0x0000,0x0000,0x0000,0x0000,
    0x0000,0x0000,0x0000,0x0000,0x0000,0x8924,0x8924,0x0000,0x0000,0x0000,0x0000,0x0000,
    0x0000,0x0000,0x0000,0x0000,0x0000,0x0000,0x0000,0x0000,0x0000,0x0000,0x0000,0x0000,
};

static const uint16_t aprs_alt_icon_px_22[] PROGMEM = {  // '/'
    0x0000,0x0000,0x0000,0x0000,0x0000,0x0000,0x0000,0x0000,0x0000,0x0000,0x0000,0x0000,
    0x0000,0x0000,0x0000,0x0000,0x1820,0x60A2,0x60A2,0x1820,0x0000,0x0000,0x0000,0x0000,
    0x0000,0x0000,0x0000,0x2841,0xD186,0xF9C7,0xF9C7,0xD186,0x2841,0x0000,0x0000,0x0000,
    0x0000,0x0000,0x0000,0x9924,0xF1A6,0x60E3,0x60E3,0xF1A6,0x9924,0x0000,0x0000,0x0000,
    0x0000,0x0000,0x0000,0xA124,0xE1A6,0x10A2,0x10A2,0xE1A6,0xA124,0x0000,0x0000,0x0000,
    0x0000,0x0000,0x0000,0x5082,0xE9A6,0xB965,0xB965,0xE9A6,0x5082,0x0000,0x0000,0x0000,
    0x0000,0x0000,0x0000,0x2841,0xE186,0xE186,0xE186,0xE1A6,0x4082,0x0000,0x0000,0x0000,
    0x0000,0x0000,0x0000,0x0000,0xA124,0xE1A6,0xD986,0xB945,0x0800,0x0000,0x0000,0x0000,
    0x0000,0x0000,0x0000,0x0000,0x3061,0xE186,0xE9A6,0x5082,0x0000,0x0000,0x0000,0x0000,
    0x0000,0x0000,0x0000,0x0000,0x0000,0xA945,0xC965,0x0000,0x0000,0x0000,0x0000,0x0000,
    0x0000,0x0000,0x0000,0x0000,0x0000,0x4061,0x5082,0x0000,0x0000,0x0000,0x0000,0x0000,
    0x0000,0x0000,0x0000,0x0000,0x0000,0x0000,0x0000,0x0000,0x0000,0x0000,0x0000,0x0000,
};

static const uint16_t aprs_alt_icon_px_23[] PROGMEM = {  // ';'
    0x0000,0x0000,0x0000,0x0000,0x0000,0x0000,0x0000,0x0000,0x0000,0x0000,0x0000,0x0000,
    0x0000,0x0000,0x0000,0x0000,0x08E2,0x1A24,0x1A24,0x08E2,0x0000,0x0000,0x0000,0x0000,
    0x0000,0x0000,0x0000,0x22A5,0x44A9,0x44A9,0x44A9,0x44A9,0x22A5,0x0000,0x0000,0x0000,
    0x0000,0x0000,0x11A3,0x44C9,0x3C48,0x3C48,0x3C48,0x3C48,0x44C9,0x11A3,0x0000,0x0000,
    0x0000,0x0000,0x2B46,0x3C89,0x3C48,0x3C68,0x3C68,0x3C48,0x3C89,0x2B46,0x0000,0x0000,
    0x0000,0x0000,0x2B06,0x3CA9,0x3C48,0x3C68,0x3C68,0x3C48,0x3CA9,0x2B06,0x0000,0x0000,
    0x0000,0x0000,0x0902,0x44A9,0x3C89,0x3C48,0x3C48,0x3C89,0x44A9,0x0902,0x0000,0x0000,
    0x0000,0x0000,0x0000,0x11A3,0x3C08,0x3C68,0x3C68,0x3C08,0x11A3,0x0000,0x0000,0x0000,
    0x0000,0x0000,0x0000,0x0000,0x0020,0x5285,0x5285,0x0020,0x0000,0x0000,0x0000,0x0000,
    0x0000,0x0000,0x0000,0x0000,0x0000,0x59E4,0x59E4,0x0000,0x0000,0x0000,0x0000,0x0000,
    0x0000,0x0000,0x0000,0x0000,0x0000,0x51E4,0x51E4,0x0000,0x0000,0x0000,0x0000,0x0000,
    0x0000,0x0000,0x0000,0x0000,0x0000,0x0020,0x0020,0x0000,0x0000,0x0000,0x0000,0x0000,
};

static const uint16_t aprs_alt_icon_px_24[] PROGMEM = {  // '<'
    0x0000,0x0000,0x0000,0x0000,0x0000,0x0000,0x0000,0x0000,0x0000,0x0000,0x0000,0x0000,
    0x0000,0x0840,0x72C5,0x2901,0x0820,0x0000,0x0000,0x0000,0x0000,0x0000,0x0000,0x0000,
    0x0000,0x0000,0xCD26,0xEE26,0xCD25,0x9C04,0x62A2,0x3161,0x18A0,0x0820,0x0000,0x0000,
    0x0000,0x0000,0xC4E6,0xF666,0xF666,0xFEA7,0xFE86,0xD565,0x93E4,0x3981,0x0000,0x0000,
    0x0000,0x0000,0xC4E6,0xCD45,0x9C04,0x6282,0x2921,0x0820,0x0000,0x0000,0x0000,0x0000,
    0x0000,0x0840,0x6245,0x0000,0x0000,0x0000,0x0000,0x0000,0x0000,0x0000,0x0000,0x0000,
    0x0000,0x0840,0x49C5,0x0000,0x0000,0x0000,0x0000,0x0000,0x0000,0x0000,0x0000,0x0000,
    0x0000,0x0840,0x51E5,0x0000,0x0000,0x0000,0x0000,0x0000,0x0000,0x0000,0x0000,0x0000,
    0x0000,0x0840,0x51E5,0x0000,0x0000,0x0000,0x0000,0x0000,0x0000,0x0000,0x0000,0x0000,
    0x0000,0x0840,0x51E5,0x0000,0x0000,0x0000,0x0000,0x0000,0x0000,0x0000,0x0000,0x0000,
    0x0000,0x0840,0x51E5,0x0000,0x0000,0x0000,0x0000,0x0000,0x0000,0x0000,0x0000,0x0000,
    0x0000,0x0000,0x1081,0x0000,0x0000,0x0000,0x0000,0x0000,0x0000,0x0000,0x0000,0x0000,
};

static const uint16_t aprs_alt_icon_px_25[] PROGMEM = {  // '?'
    0x0000,0x0000,0x0000,0x0000,0x0000,0x0000,0x0000,0x0000,0x0000,0x0000,0x0000,0x0000,
    0x0000,0x0000,0x08A4,0x10E6,0x10E6,0x00A6,0x00A6,0x10E6,0x08E6,0x08A5,0x0000,0x0000,
    0x0000,0x08A5,0x3B9A,0x43BA,0x3B7A,0x6CBB,0x6CBB,0x3B7A,0x439A,0x43DB,0x196A,0x0000,
    0x0000,0x10E6,0x3BBA,0x3B78,0x2B38,0xC67D,0xC67D,0x2B38,0x3B78,0x43BB,0x19CC,0x0000,
    0x0000,0x08E6,0x3B9A,0x3B78,0x3B58,0x53F9,0x53F9,0x3B58,0x3B78,0x43BB,0x19AC,0x0000,
    0x0000,0x08E6,0x3BBA,0x3B78,0x3358,0xBE7D,0xBE7D,0x3358,0x3B78,0x43BB,0x19AC,0x0000,
    0x0000,0x08E6,0x3BBA,0x3B78,0x3338,0xCEDD,0xCEDD,0x3338,0x3B78,0x43BB,0x19AC,0x0000,
    0x0000,0x08E6,0x3BBA,0x3B78,0x3338,0xCEBD,0xCEBD,0x3338,0x3B78,0x43BB,0x19AC,0x0000,
    0x0000,0x10E6,0x3B9A,0x3B78,0x3338,0xD6DD,0xD6DD,0x3338,0x3B58,0x43BA,0x19AC,0x0000,
    0x0000,0x08A5,0x43DB,0x43BB,0x3BBA,0x649C,0x649C,0x3BBA,0x43BA,0x43FC,0x198B,0x0000,
    0x0000,0x0000,0x196A,0x19CC,0x19AC,0x118C,0x118C,0x19AC,0x19AC,0x198B,0x0021,0x0000,
    0x0000,0x0000,0x0000,0x0000,0x0000,0x0000,0x0000,0x0000,0x0000,0x0000,0x0000,0x0000,
};

static const uint16_t aprs_alt_icon_px_26[] PROGMEM = {  // '@'
    0x0000,0x0000,0x0000,0x0000,0x0000,0x0000,0x0000,0x0000,0x0000,0x0000,0x0000,0x0000,
    0x0000,0x0000,0x0000,0x0062,0x328F,0x4374,0x0041,0x0000,0x0000,0x0000,0x0000,0x0000,
    0x0000,0x0000,0x1106,0x5479,0x32D0,0x1947,0x0000,0x0000,0x0000,0x0000,0x0000,0x0000,
    0x0000,0x0862,0x5479,0x1126,0x1106,0x3AF0,0x3B32,0x1968,0x0000,0x0000,0x0000,0x0000,
    0x0000,0x328E,0x32AF,0x10E5,0x4374,0x10C5,0x08C4,0x3B53,0x1968,0x0000,0x0000,0x0000,
    0x0000,0x43B5,0x1947,0x32AF,0x08A3,0x0000,0x0000,0x0883,0x3B32,0x0000,0x0041,0x0000,
    0x0000,0x43B5,0x1968,0x0041,0x0000,0x0000,0x0000,0x08A3,0x32F0,0x1126,0x4374,0x0000,
    0x0000,0x2A6E,0x3AF1,0x0000,0x0020,0x0020,0x10E5,0x4374,0x10C4,0x32AF,0x328F,0x0000,
    0x0000,0x0862,0x5459,0x1968,0x0000,0x0000,0x32AF,0x1106,0x1126,0x5479,0x0862,0x0000,
    0x0000,0x0000,0x1106,0x5479,0x3B11,0x1988,0x1947,0x32D0,0x5479,0x1106,0x0000,0x0000,
    0x0000,0x0000,0x0000,0x0062,0x2A6E,0x43B5,0x43B5,0x328E,0x0062,0x0000,0x0000,0x0000,
    0x0000,0x0000,0x0000,0x0000,0x0000,0x0000,0x0000,0x0000,0x0000,0x0000,0x0000,0x0000,
};

static const uint16_t aprs_alt_icon_px_27[] PROGMEM = {  // 'A'
    0x0000,0x0000,0x0000,0x0000,0x0000,0x0000,0x0000,0x0000,0x0000,0x0000,0x0000,0x0000,
    0x0000,0x0020,0x2946,0x2966,0x3187,0x2966,0x2966,0x3187,0x2966,0x3186,0x0862,0x0000,
    0x0000,0x0862,0x9CD4,0xAD76,0x4A4A,0x9CD4,0x9CD4,0x4A4A,0xAD76,0x9CF5,0x2104,0x0000,
    0x0000,0x0841,0xAD76,0xC63A,0x4229,0xAD56,0xAD56,0x4229,0xC639,0xAD77,0x18E4,0x0000,
    0x0000,0x1082,0x4A4A,0x4229,0x422A,0x422A,0x422A,0x422A,0x4229,0x4A6A,0x2104,0x0000,
    0x0000,0x0861,0x94B4,0xAD56,0x4229,0x94B4,0x94B4,0x4229,0xAD56,0x9CD4,0x18E4,0x0000,
    0x0000,0x0861,0x94B4,0xAD56,0x4229,0x94B4,0x94B4,0x4229,0xAD56,0x9CD4,0x18E4,0x0000,
    0x0000,0x1082,0x4A4A,0x4229,0x422A,0x422A,0x422A,0x422A,0x4229,0x4A6A,0x2104,0x0000,
    0x0000,0x0841,0xAD76,0xC63A,0x4229,0xAD76,0xAD76,0x4229,0xC639,0xAD77,0x18E4,0x0000,
    0x0000,0x0862,0x9CD4,0xAD56,0x422A,0x94B4,0x94B4,0x422A,0xAD56,0x9CD4,0x2104,0x0000,
    0x0000,0x0841,0x39C8,0x39C8,0x4209,0x39C8,0x39C8,0x4209,0x39C8,0x39E9,0x10A3,0x0000,
    0x0000,0x0000,0x0000,0x0020,0x0020,0x0020,0x0020,0x0020,0x0020,0x0020,0x0000,0x0000,
};

static const uint16_t aprs_alt_icon_px_28[] PROGMEM = {  // 'C'
    0x0000,0x0000,0x0000,0x0000,0x0000,0x0000,0x0000,0x0000,0x0000,0x0000,0x0000,0x0000,
    0x0000,0x0000,0x0000,0x0000,0x0000,0x4082,0x4082,0x0000,0x0000,0x0000,0x0000,0x0000,
    0x0000,0x0000,0x0000,0x0000,0x1020,0x60E3,0x60E3,0x1020,0x0000,0x0000,0x0000,0x0000,
    0x0000,0x0000,0x0000,0x0000,0x0000,0x60E3,0x6903,0x0000,0x0000,0x0000,0x0000,0x0000,
    0x0000,0x0000,0x0000,0x1020,0x1840,0x50C2,0x7923,0x1840,0x1020,0x0000,0x0000,0x0000,
    0x0000,0x0000,0x0000,0x2861,0x58E3,0x7923,0x9164,0x58E3,0x2861,0x0000,0x0000,0x0000,
    0x0000,0x0000,0x0000,0x0000,0x0000,0x3881,0x6903,0x0000,0x0000,0x0000,0x0000,0x0000,
    0x0000,0x0000,0x0000,0x0000,0x0000,0x40A2,0x6903,0x0000,0x0000,0x0000,0x0000,0x0000,
    0x0000,0x0000,0x2041,0x3081,0x0000,0x48A2,0x7923,0x0000,0x3081,0x2041,0x0000,0x0000,
    0x0000,0x0000,0x2041,0x9144,0x0820,0x1020,0x2061,0x0820,0x9164,0x2041,0x0000,0x0000,
    0x0000,0x0000,0x0000,0x2861,0x9164,0x6903,0x60E3,0x9164,0x2861,0x0000,0x0000,0x0000,
    0x0000,0x0000,0x0000,0x0000,0x1020,0x40A2,0x48A2,0x1020,0x0000,0x0000,0x0000,0x0000,
};

static const uint16_t aprs_alt_icon_px_29[] PROGMEM = {  // 'D'
    0x0000,0x0000,0x0000,0x0000,0x0000,0x0000,0x0000,0x0000,0x0000,0x0000,0x0000,0x0000,
    0x0000,0x0000,0x0000,0x0000,0x0000,0x1081,0x20C2,0x0000,0x0000,0x0000,0x0000,0x0000,
    0x0000,0x0000,0x0000,0x1061,0x49C4,0x7AC7,0x8308,0x51E5,0x1081,0x0000,0x0000,0x0000,
    0x0000,0x1061,0x3943,0x72A7,0x7AE7,0x72A7,0x72A7,0x7AE7,0x72A7,0x49A4,0x1061,0x0000,
    0x0020,0x49E5,0xB48C,0xA42B,0xA42B,0xA42B,0xA42B,0xA42B,0xA42B,0xB48C,0x49E5,0x0020,
    0x0000,0x2922,0xBCED,0xB4CC,0xB4CC,0xBCCC,0xBCCC,0xB4CC,0xB4CC,0xBCED,0x2902,0x0000,
    0x0000,0x2923,0xBCED,0xB4AC,0xB4AC,0xB48C,0xB48C,0xB4AC,0xB4AC,0xBCED,0x2923,0x0000,
    0x0000,0x2923,0xBCED,0xB4AC,0xB48C,0x7B08,0x7B08,0xB48C,0xB4AC,0xBCED,0x2923,0x0000,
    0x0000,0x2923,0xBCCD,0xB4AC,0xAC8C,0x7AC7,0x7AC7,0xAC8C,0xB4AC,0xBCCD,0x2923,0x0000,
    0x0000,0x3143,0xCD2D,0xBCED,0xBCCD,0x8308,0x8308,0xBCCD,0xBCED,0xCD2D,0x3143,0x0000,
    0x0000,0x20E2,0x8B89,0x8369,0x8349,0x5A25,0x5A25,0x8349,0x8369,0x8B89,0x20E2,0x0000,
    0x0000,0x0000,0x0000,0x0000,0x0000,0x0000,0x0000,0x0000,0x0000,0x0000,0x0000,0x0000,
};

static const uint16_t aprs_alt_icon_px_30[] PROGMEM = {  // 'E'
    0x0000,0x0000,0x0000,0x0000,0x31A7,0x738E,0x18E3,0x0000,0x0000,0x0000,0x0000,0x0000,
    0x0000,0x0000,0x0000,0x31A6,0xCE7A,0xDEDB,0xB5B7,0x1082,0x0000,0x0000,0x0000,0x0000,
    0x0000,0x0000,0x0000,0x6B4D,0xDEFC,0xBDF8,0xD6BB,0x4208,0x0000,0x0000,0x0000,0x0000,
    0x0000,0x0000,0x0000,0x18E4,0xBDD7,0xCE5A,0xC639,0xC618,0x9492,0x0861,0x0000,0x0000,
    0x0000,0x0000,0x0000,0x0000,0x1082,0x9CD3,0xD69A,0xC639,0xDEFC,0x8410,0x0000,0x0000,
    0x0000,0x0000,0x0000,0x0000,0x0000,0x8410,0xD6BB,0xC639,0xDEFC,0x8410,0x0000,0x0000,
    0x0000,0x0000,0x0000,0x0020,0x8410,0xC639,0xC639,0xC618,0x9492,0x0861,0x0000,0x0000,
    0x0000,0x0000,0x0000,0x5ACB,0xDEFC,0xC619,0xD69B,0x632D,0x0000,0x0000,0x0000,0x0000,
    0x0000,0x0000,0x0000,0x5ACB,0xDEFC,0xC639,0xDEFC,0x52AB,0x0000,0x0020,0x0000,0x0000,
    0x0000,0x0000,0x0000,0x0020,0x8410,0xCE59,0x8410,0x0020,0x0000,0x0000,0x0000,0x0000,
    0x0000,0x0000,0x0000,0x0000,0x0000,0x0862,0x0000,0x0000,0x0000,0x0000,0x0000,0x0000,
    0x0000,0x0000,0x0000,0x0000,0x0000,0x0000,0x0000,0x0000,0x0000,0x0000,0x0000,0x0000,
};

static const uint16_t aprs_alt_icon_px_31[] PROGMEM = {  // 'H'
    0x0000,0x0000,0x0000,0x0000,0x0000,0x0000,0x0000,0x0000,0x0000,0x0000,0x0000,0x0000,
    0x0000,0x0000,0x0000,0x0000,0x0000,0x41C1,0x72E1,0x0000,0x0000,0x0000,0x0000,0x0000,
    0x0000,0x0000,0x0000,0x0000,0x0000,0xB4A3,0xEDE3,0x1060,0x0000,0x0000,0x0000,0x0000,
    0x0000,0x0000,0x0000,0x0000,0x5221,0xFE64,0xFE64,0x72E1,0x0000,0x0000,0x0000,0x0000,
    0x0000,0x0000,0x0000,0x0840,0xD543,0xD543,0xCD23,0xE5C3,0x20C0,0x0000,0x0000,0x0000,
    0x0000,0x0000,0x0000,0x72E1,0xFEE4,0x6AC3,0x6AC3,0xFEE4,0x93A2,0x0000,0x0000,0x0000,
    0x0000,0x0000,0x1080,0xDD83,0xFE83,0x72E3,0x7303,0xFE63,0xE5E3,0x20E0,0x0000,0x0000,
    0x0000,0x0000,0x93A2,0xFE44,0xFE23,0x8363,0x8363,0xFE43,0xF624,0xAC42,0x0000,0x0000,
    0x0000,0x2900,0xEDE3,0xE5C3,0xF603,0xAC63,0xAC63,0xF603,0xE5A3,0xF623,0x3160,0x0000,
    0x0020,0xC4E3,0xFEC4,0xFE44,0xFEC4,0xAC64,0xAC64,0xFEC4,0xFE44,0xFEC4,0xC4C3,0x0020,
    0x1080,0x72E1,0x72E1,0x72E1,0x72E1,0x7B21,0x7B21,0x72E1,0x72E1,0x72E1,0x72E1,0x1080,
    0x0000,0x0000,0x0000,0x0000,0x0000,0x0000,0x0000,0x0000,0x0000,0x0000,0x0000,0x0000,
};

static const uint16_t aprs_alt_icon_px_32[] PROGMEM = {  // 'I'
    0x0000,0x0000,0x0000,0x0000,0x0000,0x0000,0x2966,0x2966,0x0000,0x0000,0x0000,0x0000,
    0x0000,0x0000,0x0000,0x0000,0x0000,0x738E,0xC63A,0xC63A,0x738E,0x0000,0x0000,0x0000,
    0x0000,0x0000,0x3186,0x8431,0x9CD4,0xCE5A,0xBDF9,0xBDF8,0xD69B,0x4229,0x0000,0x0000,
    0x0000,0x3186,0xC63A,0xCE5A,0xC63A,0xBDD8,0xBDF8,0xB5B8,0xCE7B,0x630D,0x0000,0x0000,
    0x0000,0x630C,0xD69B,0xB5B7,0xBDD8,0xBDF9,0xC63A,0xCE7B,0xB5B8,0x18E3,0x0000,0x0000,
    0x0000,0x18E3,0xAD77,0xCE7A,0xCE7B,0xBDD8,0x9472,0x8C52,0x2104,0x0000,0x0000,0x0000,
    0x0000,0x0000,0x0862,0x5ACC,0x630D,0x18E4,0x0000,0x0000,0x0000,0x0000,0x0000,0x0000,
    0x0000,0x0000,0x0000,0x118A,0x0000,0x08A4,0x1989,0x0021,0x220C,0x0000,0x0000,0x0000,
    0x0000,0x0000,0x0883,0x2A2D,0x0000,0x21EC,0x0883,0x1106,0x1989,0x0000,0x0000,0x0000,
    0x0000,0x0000,0x1989,0x1127,0x0020,0x2A4E,0x0000,0x220D,0x0863,0x0000,0x0000,0x0000,
    0x0000,0x0000,0x0883,0x0000,0x0020,0x0862,0x0000,0x0883,0x0000,0x0000,0x0000,0x0000,
    0x0000,0x0000,0x0000,0x0000,0x0000,0x0000,0x0000,0x0000,0x0000,0x0000,0x0000,0x0000,
};

static const uint16_t aprs_alt_icon_px_33[] PROGMEM = {  // 'K'
    0x0000,0x0000,0x0000,0x0000,0x0000,0x0000,0x0000,0x0000,0x0861,0x18E4,0x0000,0x0000,
    0x0000,0x0000,0x0000,0x0000,0x0000,0x0000,0x0000,0x0000,0x528B,0x2104,0x0000,0x0000,
    0x0000,0x0000,0x0000,0x0000,0x0000,0x0000,0x0000,0x3186,0x4208,0x0000,0x0000,0x0000,
    0x0000,0x0000,0x0000,0x1082,0x18A4,0x1883,0x18A4,0x5AAC,0x18C4,0x0000,0x0000,0x0000,
    0x0000,0x0000,0x0000,0x31A7,0x53EC,0x4BEC,0x540C,0x4BCB,0x39E8,0x0000,0x0000,0x0000,
    0x0000,0x0000,0x0000,0x29A6,0x5E4F,0x5E8F,0x5E8F,0x5E4F,0x3A08,0x0000,0x0000,0x0000,
    0x0000,0x0000,0x0000,0x2986,0x4BCC,0x4BCB,0x4BCB,0x4BCB,0x39E8,0x0000,0x0000,0x0000,
    0x0000,0x0000,0x0000,0x2966,0x39A8,0x3988,0x3988,0x39A8,0x39A8,0x0020,0x0000,0x0000,
    0x0000,0x0000,0x0000,0x2966,0x3A09,0x39E8,0x39E8,0x39E9,0x39C8,0x0020,0x0000,0x0000,
    0x0000,0x0000,0x0000,0x2966,0x4209,0x39E8,0x39E9,0x39E9,0x39C8,0x0020,0x0000,0x0000,
    0x0000,0x0000,0x0000,0x2125,0x39C8,0x31A7,0x31A8,0x39C8,0x2966,0x0000,0x0000,0x0000,
    0x0000,0x0000,0x0000,0x0000,0x0020,0x0020,0x0020,0x0020,0x0000,0x0000,0x0000,0x0000,
};

static const uint16_t aprs_alt_icon_px_34[] PROGMEM = {  // 'L'
    0x0000,0x0000,0x0000,0x0000,0x0000,0x18C1,0x2921,0x0000,0x0000,0x0000,0x0000,0x0000,
    0x0000,0x0000,0x0000,0x0000,0x0860,0xC544,0xDE05,0x18A0,0x0000,0x0000,0x0000,0x0000,
    0x0000,0x0000,0x0000,0x0000,0x2921,0xDE8F,0xE6AF,0x3161,0x0000,0x0000,0x0000,0x0000,
    0x0000,0x0000,0x0000,0x0000,0x0000,0xAD98,0xAD98,0x0000,0x0000,0x0000,0x0000,0x0000,
    0x0000,0x0000,0x0000,0x0000,0x0840,0xCE17,0xCE17,0x0840,0x0000,0x0000,0x0000,0x0000,
    0x0000,0x0000,0x0000,0x0000,0x3061,0xD1C7,0xD1C7,0x3061,0x0000,0x0000,0x0000,0x0000,
    0x0000,0x0000,0x0000,0x0000,0x2861,0xD2EB,0xD2EB,0x2861,0x0000,0x0000,0x0000,0x0000,
    0x0000,0x0000,0x0000,0x0000,0x0861,0xDF1C,0xDF1C,0x0861,0x0000,0x0000,0x0000,0x0000,
    0x0000,0x0000,0x0000,0x0000,0x18C3,0xDEFB,0xDEFB,0x18C3,0x0000,0x0000,0x0000,0x0000,
    0x0000,0x0000,0x0000,0x0000,0x39E7,0xF7BE,0xF7BE,0x39E7,0x0000,0x0000,0x0000,0x0000,
    0x0000,0x0000,0x0000,0x0000,0x31A6,0xDEDB,0xDEDB,0x31A6,0x0000,0x0000,0x0000,0x0000,
    0x0000,0x0000,0x0000,0x0000,0x0020,0x1082,0x1082,0x0020,0x0000,0x0000,0x0000,0x0000,
};

static const uint16_t aprs_alt_icon_px_35[] PROGMEM = {  // 'M'
    0x0000,0x0000,0x0000,0x0000,0x0000,0x0000,0x0000,0x0000,0x0000,0x0000,0x0000,0x0000,
    0x0000,0x0000,0x0000,0x0000,0x0000,0x0020,0x0860,0x0000,0x0000,0x0000,0x0000,0x0000,
    0x0000,0x0000,0x0000,0x0020,0x0000,0x21E3,0x32A5,0x0000,0x0020,0x0000,0x0000,0x0000,
    0x0000,0x0000,0x0000,0x0000,0x0000,0x4366,0x53E7,0x0000,0x0000,0x0000,0x0000,0x0000,
    0x0000,0x0040,0x2A24,0x3244,0x3285,0x5C68,0x5C68,0x3285,0x3244,0x2A24,0x0040,0x0000,
    0x0000,0x0000,0x1942,0x5C68,0x64C9,0x5C48,0x5C48,0x64C9,0x5C68,0x1942,0x0000,0x0000,
    0x0000,0x0000,0x0000,0x0040,0x4BA7,0x5C68,0x5C69,0x4BA7,0x0040,0x0000,0x0000,0x0000,
    0x0000,0x0000,0x0000,0x0040,0x5C48,0x5C89,0x5C68,0x5C48,0x0040,0x0000,0x0000,0x0000,
    0x0000,0x0000,0x0000,0x2A44,0x53E7,0x1102,0x10C1,0x4BA7,0x2A44,0x0000,0x0000,0x0000,
    0x0000,0x0000,0x0000,0x1102,0x0020,0x0000,0x0000,0x0000,0x1102,0x0000,0x0000,0x0000,
    0x0000,0x0000,0x0000,0x0000,0x0000,0x0000,0x0000,0x0000,0x0000,0x0000,0x0000,0x0000,
    0x0000,0x0000,0x0000,0x0000,0x0000,0x0000,0x0000,0x0000,0x0000,0x0000,0x0000,0x0000,
};

static const uint16_t aprs_alt_icon_px_36[] PROGMEM = {  // 'N'
    0x0000,0x0000,0x0000,0x0000,0x0000,0x0000,0x0000,0x0000,0x0000,0x0000,0x0000,0x0000,
    0x0000,0x0000,0x0000,0x0000,0x1020,0xA964,0xA964,0x1020,0x0000,0x0000,0x0000,0x0000,
    0x0000,0x0000,0x0000,0x0000,0x3861,0xF207,0xF207,0x3861,0x0000,0x0000,0x0000,0x0000,
    0x0000,0x0000,0x0000,0x0000,0x0000,0x8123,0x8924,0x0000,0x0000,0x0000,0x0000,0x0000,
    0x0000,0x0000,0x0000,0x0000,0x0000,0x4082,0x7103,0x0000,0x0000,0x0000,0x0000,0x0000,
    0x0000,0x0000,0x0000,0x0000,0x0000,0x9144,0xC1A5,0x0000,0x0000,0x0000,0x0000,0x0000,
    0x0000,0x0000,0x0000,0x0000,0x0800,0xC9A5,0xE1E6,0x2041,0x0000,0x0000,0x0000,0x0000,
    0x0000,0x0000,0x0000,0x0000,0x48A2,0xE1E6,0xE9E6,0x60C2,0x0000,0x0000,0x0000,0x0000,
    0x0000,0x0000,0x0000,0x0000,0x9944,0xE1E6,0xE1E6,0xA964,0x0000,0x0000,0x0000,0x0000,
    0x0000,0x0000,0x0000,0x1020,0xD9C6,0xE1E6,0xE1E6,0xD9E6,0x1020,0x0000,0x0000,0x0000,
    0x0000,0x0000,0x0000,0x48A2,0xD9C6,0xC1A5,0xC9A5,0xD1C6,0x48A2,0x0000,0x0000,0x0000,
    0x0000,0x0000,0x0000,0x0800,0x1020,0x0820,0x0820,0x1020,0x0800,0x0000,0x0000,0x0000,
};

static const uint16_t aprs_alt_icon_px_37[] PROGMEM = {  // 'P'
    0x0000,0x0000,0x0000,0x0000,0x0000,0x0000,0x0000,0x0000,0x0000,0x0000,0x0000,0x0000,
    0x0000,0x0000,0x08A4,0x10E6,0x08A6,0x0085,0x0086,0x08C6,0x10E6,0x08A5,0x0000,0x0000,
    0x0000,0x08A5,0x3B9A,0x3B9A,0x647B,0x7CFC,0x74DC,0x4BDA,0x3B9A,0x43DB,0x196A,0x0000,
    0x0000,0x10E6,0x43BA,0x3338,0xCEBD,0xB63C,0xCEBD,0x74BA,0x2B17,0x43DB,0x19CC,0x0000,
    0x0000,0x08E6,0x43BA,0x3338,0xCEBD,0x53F9,0x8D3B,0x7CFA,0x2B18,0x43DB,0x19AC,0x0000,
    0x0000,0x08E6,0x43BA,0x3338,0xC69D,0xCEDD,0xD6DD,0x6C9A,0x3338,0x43DB,0x19AC,0x0000,
    0x0000,0x08E6,0x43BA,0x3338,0xCEBD,0xAE1C,0x3B99,0x4399,0x3B78,0x43BB,0x19AC,0x0000,
    0x0000,0x08E6,0x43BA,0x3338,0xCEBD,0x9D9C,0x2B18,0x3B99,0x3B78,0x43BB,0x19AC,0x0000,
    0x0000,0x10E6,0x43BA,0x2B17,0xD6DD,0xA5DB,0x2B18,0x3B78,0x3B58,0x43BA,0x19AC,0x0000,
    0x0000,0x08A5,0x43DB,0x3BBA,0x649C,0x5C5B,0x3BBA,0x43BB,0x43BA,0x43FC,0x198B,0x0000,
    0x0000,0x0000,0x196A,0x19CC,0x118C,0x198C,0x19AC,0x19AC,0x19AC,0x198B,0x0021,0x0000,
    0x0000,0x0000,0x0000,0x0000,0x0000,0x0000,0x0000,0x0000,0x0000,0x0000,0x0000,0x0000,
};

static const uint16_t aprs_alt_icon_px_38[] PROGMEM = {  // 'Q'
    0x0000,0x0000,0x0000,0x0000,0x0000,0x0000,0x0000,0x0000,0x0000,0x0000,0x0000,0x0000,
    0x0000,0x0000,0x0000,0x0000,0x0000,0x0000,0x0000,0x0000,0x0000,0x0000,0x0000,0x0000,
    0x0000,0x0000,0x0000,0x0000,0x0000,0x0000,0x0000,0x0000,0x0000,0x0000,0x0000,0x0000,
    0x0840,0x51E3,0x0000,0x0000,0x0000,0x0000,0x0000,0x0000,0x0000,0x0000,0x0000,0x0000,
    0x0840,0x7AC5,0x9346,0x0840,0x0000,0x0000,0x0000,0x0000,0x0000,0x0000,0x0000,0x0000,
    0x0000,0x0000,0x5A04,0xA3A7,0x28E1,0x0000,0x0000,0x0000,0x0000,0x0000,0x0000,0x0000,
    0x0000,0x0000,0x0000,0x3962,0xABC7,0x1881,0x0000,0x0000,0x0000,0x0000,0x0840,0x0000,
    0x0000,0x0000,0x0000,0x59E3,0x7AC5,0x0000,0x0000,0x0000,0x0000,0x4162,0x9346,0x1060,
    0x0000,0x0000,0x0000,0x49A3,0xA387,0x51C3,0x0000,0x0000,0x5A04,0xA3A7,0x28E2,0x0000,
    0x0000,0x0000,0x0000,0x0000,0x28E1,0x9B46,0x82E5,0x7AC5,0x9346,0x0840,0x0000,0x0000,
    0x0000,0x0000,0x0000,0x0000,0x0000,0x0000,0x5A04,0x6224,0x0000,0x0000,0x0000,0x0000,
    0x0000,0x0000,0x0000,0x0000,0x0000,0x0000,0x0000,0x0000,0x0000,0x0000,0x0000,0x0000,
};

static const uint16_t aprs_alt_icon_px_39[] PROGMEM = {  // 'R'
    0x0000,0x0000,0x0000,0x0020,0x0020,0x0000,0x0000,0x0861,0x1082,0x0000,0x0000,0x0000,
    0x0000,0x0000,0x2124,0x5ACB,0x4A69,0x0000,0x0000,0x94B3,0xC639,0x0841,0x0000,0x0000,
    0x0000,0x0000,0x2965,0x632C,0x5ACB,0x0000,0x0000,0x8410,0xBDF8,0x0000,0x0000,0x0000,
    0x0000,0x0000,0x18E4,0x630C,0x4228,0x0000,0x0000,0x73AF,0xAD76,0x0000,0x0000,0x0000,
    0x0000,0x0000,0x0000,0x630C,0x18E3,0x0000,0x0000,0x4A49,0x7BCF,0x0000,0x0020,0x0000,
    0x0000,0x0000,0x0000,0x630C,0x18E4,0x0000,0x0000,0x2104,0x630C,0x0000,0x0000,0x0000,
    0x0000,0x0000,0x0000,0x630C,0x18E3,0x0000,0x0000,0x18E3,0x630C,0x0000,0x0000,0x0000,
    0x0000,0x0000,0x0000,0x630C,0x18E3,0x0000,0x0000,0x18E3,0x630C,0x0000,0x0000,0x0000,
    0x0000,0x0000,0x0000,0x630C,0x18E3,0x0000,0x0000,0x18E3,0x630C,0x0000,0x0000,0x0000,
    0x0000,0x0000,0x0000,0x630C,0x2104,0x0000,0x0000,0x2104,0x630C,0x0000,0x0000,0x0000,
    0x0000,0x0000,0x0000,0x5ACB,0x18E3,0x0000,0x0000,0x18E3,0x5ACB,0x0000,0x0000,0x0000,
    0x0000,0x0000,0x0000,0x0020,0x0000,0x0000,0x0000,0x0000,0x0020,0x0000,0x0000,0x0000,
};

static const uint16_t aprs_alt_icon_px_40[] PROGMEM = {  // 'S'
    0x0000,0x0000,0x0000,0x0000,0x0000,0x0000,0x0000,0x0000,0x0000,0x0000,0x0000,0x0000,
    0x0000,0x0000,0x0000,0x0000,0x0000,0x0000,0x0000,0x0000,0x0000,0x0000,0x0000,0x0000,
    0x0000,0x0000,0x0000,0x0000,0x0000,0x0000,0x0000,0x0000,0x18C3,0x4A49,0x0000,0x0000,
    0x0000,0x0000,0x0000,0x0000,0x0000,0x0000,0x0000,0x18E3,0x7BF0,0x2104,0x0000,0x0000,
    0x0000,0x0000,0x0000,0x0000,0x0000,0x18C3,0x3186,0x6B6E,0x10A2,0x0000,0x0000,0x0000,
    0x196A,0x32F5,0x32B3,0x2AB4,0x29A9,0xBDF8,0xCE7A,0x320A,0x2273,0x32D4,0x32F5,0x196A,
    0x196A,0x32F5,0x32B3,0x2AB4,0x29A9,0xC618,0xBDF8,0x29A9,0x2AB4,0x32B3,0x32F5,0x196A,
    0x0000,0x0000,0x0000,0x0000,0x0000,0x18E3,0x18E3,0x0000,0x0000,0x0000,0x0000,0x0000,
    0x0000,0x0000,0x0000,0x0000,0x0000,0x0000,0x0000,0x0000,0x0000,0x0000,0x0000,0x0000,
    0x0000,0x0000,0x0000,0x0000,0x0000,0x0000,0x0000,0x0000,0x0000,0x0000,0x0000,0x0000,
    0x0000,0x0000,0x0000,0x0000,0x0000,0x0000,0x0000,0x0000,0x0000,0x0000,0x0000,0x0000,
    0x0000,0x0000,0x0000,0x0000,0x0000,0x0000,0x0000,0x0000,0x0000,0x0000,0x0000,0x0000,
};

static const uint16_t aprs_alt_icon_px_41[] PROGMEM = {  // 'T'
    0x0000,0x0000,0x0000,0x0000,0x0000,0x0000,0x2104,0x2104,0x0000,0x0000,0x0000,0x0000,
    0x0000,0x0000,0x0000,0x0000,0x0000,0x528B,0x9493,0x9493,0x528B,0x0000,0x0000,0x0000,
    0x0000,0x0000,0x2125,0x630D,0x738F,0x9493,0x8C72,0x8C52,0x9CD4,0x31A7,0x0000,0x0000,
    0x0000,0x2124,0x9493,0x94B3,0x9493,0x8C52,0x8C52,0x8432,0x9CD4,0x4A49,0x0000,0x0000,
    0x0000,0x4A49,0x9CD4,0x8431,0x8C52,0x8C72,0x9493,0x94B4,0x8432,0x10A2,0x0000,0x0000,
    0x0000,0x10A2,0x8411,0x94B4,0x94B4,0x8432,0x6B4E,0x632D,0x18C3,0x0000,0x0000,0x0000,
    0x0000,0x0000,0x0841,0x4208,0x4229,0x2943,0x41C1,0x0000,0x0000,0x0000,0x0000,0x0000,
    0x0000,0x0000,0x0000,0x0000,0x0000,0x62C2,0xACE5,0x39C2,0x0020,0x0000,0x0000,0x0000,
    0x0000,0x0000,0x0000,0x0000,0x1060,0xCDE6,0xFFC8,0x83A4,0x0000,0x0000,0x0000,0x0000,
    0x0000,0x0000,0x0000,0x0000,0x0840,0x7343,0xA4A5,0x0000,0x0000,0x0000,0x0000,0x0000,
    0x0000,0x0000,0x0000,0x0000,0x0000,0x6B23,0x18C0,0x0000,0x0000,0x0000,0x0000,0x0000,
    0x0000,0x0000,0x0000,0x0000,0x0860,0x2941,0x0000,0x0000,0x0000,0x0000,0x0000,0x0000,
};

static const uint16_t aprs_alt_icon_px_42[] PROGMEM = {  // 'U'
    0x0000,0x0000,0x0000,0x0000,0x0000,0x72E3,0x20E1,0x0000,0x0000,0x0000,0x0000,0x0000,
    0x0000,0x2921,0x20E0,0x0000,0x0000,0x3961,0x1080,0x0000,0x0000,0x1060,0x0860,0x0000,
    0x0000,0x20E1,0x8343,0x0820,0x0000,0x0000,0x0000,0x0000,0x18A0,0x93A3,0x18A0,0x0000,
    0x0000,0x0000,0x0000,0x0000,0x0840,0x72E3,0x72E3,0x0840,0x0840,0x1080,0x0000,0x0000,
    0x0000,0x0000,0x0000,0x1060,0xC505,0xFEC6,0xFEC6,0xC505,0x0840,0x0000,0x0000,0x0000,
    0x4A02,0x2901,0x0000,0x72E2,0xFEC6,0xF606,0xF606,0xFEC6,0x72E2,0x0000,0x1080,0x20E1,
    0x4A02,0x2901,0x0000,0x72E3,0xFEC6,0xF606,0xF606,0xFEC6,0x72E3,0x0000,0x3961,0x6AE3,
    0x0000,0x0000,0x0000,0x0840,0xC505,0xFEC6,0xFEC6,0xC505,0x1060,0x0000,0x0000,0x0000,
    0x0000,0x0000,0x1080,0x0840,0x0840,0x72E3,0x72E3,0x0840,0x0000,0x0000,0x0000,0x0000,
    0x0000,0x18A0,0x93A3,0x18A0,0x0000,0x0000,0x0000,0x0000,0x0820,0x8343,0x20E1,0x0000,
    0x0000,0x0860,0x1060,0x0000,0x0000,0x1080,0x3961,0x0000,0x0000,0x20E0,0x2921,0x0000,
    0x0000,0x0000,0x0000,0x0000,0x0000,0x20E1,0x72E3,0x0000,0x0000,0x0000,0x0000,0x0000,
};

static const uint16_t aprs_alt_icon_px_43[] PROGMEM = {  // 'V'
    0x0000,0x0000,0x0000,0x0000,0x0000,0x0000,0x0000,0x0000,0x0000,0x0000,0x0000,0x0000,
    0x0000,0x0000,0x0000,0x0000,0x0000,0x08A3,0x1105,0x0000,0x0000,0x0000,0x0000,0x0000,
    0x0000,0x0000,0x0000,0x0000,0x0000,0x0041,0x08C3,0x0000,0x0000,0x0000,0x0000,0x0000,
    0x0000,0x0000,0x0000,0x0000,0x0882,0x2ACD,0x330E,0x0882,0x0000,0x0000,0x0000,0x0000,
    0x0000,0x0000,0x0000,0x0882,0x222A,0x1146,0x19A8,0x222A,0x0882,0x0000,0x0000,0x0000,
    0x0000,0x08A3,0x08A3,0x2ACD,0x1146,0x08C3,0x1126,0x1146,0x2ACD,0x08A3,0x08A3,0x0000,
    0x0000,0x1105,0x1105,0x330E,0x19A8,0x1126,0x1987,0x19A8,0x330E,0x1105,0x1105,0x0000,
    0x0000,0x0000,0x0000,0x0882,0x222A,0x1146,0x19A8,0x222A,0x0882,0x0000,0x0000,0x0000,
    0x0000,0x0000,0x0000,0x0000,0x0882,0x2ACD,0x330E,0x0882,0x0000,0x0000,0x0000,0x0000,
    0x0000,0x0000,0x0000,0x0000,0x0000,0x0041,0x08C3,0x0000,0x0000,0x0000,0x0000,0x0000,
    0x0000,0x0000,0x0000,0x0000,0x0000,0x08A3,0x1105,0x0000,0x0000,0x0000,0x0000,0x0000,
    0x0000,0x0000,0x0000,0x0000,0x0000,0x0000,0x0000,0x0000,0x0000,0x0000,0x0000,0x0000,
};

static const uint16_t aprs_alt_icon_px_44[] PROGMEM = {  // 'W'
    0x0000,0x0000,0x0000,0x0020,0x0000,0x0000,0x0000,0x0000,0x0000,0x0000,0x0000,0x0000,
    0x0000,0x0000,0x0000,0x426C,0x08C5,0x0021,0x0000,0x0000,0x0000,0x0000,0x0000,0x0000,
    0x0000,0x0000,0x0000,0x4B12,0x3BBA,0x3336,0x2AB3,0x220E,0x196A,0x0884,0x0021,0x0000,
    0x0000,0x0000,0x0000,0x4312,0x43DC,0x43BA,0x3B78,0x32F5,0x222F,0x1107,0x0042,0x0000,
    0x0000,0x0000,0x0000,0x42AF,0x198B,0x08C6,0x0021,0x0000,0x0000,0x0000,0x0000,0x0000,
    0x0000,0x0000,0x0000,0x528A,0x0000,0x0000,0x0000,0x0000,0x0000,0x0000,0x0000,0x0000,
    0x0000,0x0000,0x0000,0x528B,0x0020,0x0000,0x0000,0x0000,0x0000,0x0000,0x0000,0x0000,
    0x0000,0x0000,0x0000,0x528B,0x0000,0x0000,0x0000,0x0000,0x0000,0x0000,0x0000,0x0000,
    0x0000,0x0000,0x0000,0x528B,0x0000,0x0000,0x0000,0x0000,0x0000,0x0000,0x0000,0x0000,
    0x0000,0x0000,0x0000,0x52AB,0x0000,0x0000,0x0000,0x0000,0x0000,0x0000,0x0000,0x0000,
    0x0000,0x0000,0x0000,0x4A6A,0x0000,0x0000,0x0000,0x0000,0x0000,0x0000,0x0000,0x0000,
    0x0000,0x0000,0x0000,0x0020,0x0000,0x0000,0x0000,0x0000,0x0000,0x0000,0x0000,0x0000,
};

static const uint16_t aprs_alt_icon_px_45[] PROGMEM = {  // 'X'
    0x0000,0x0000,0x0000,0x0000,0x0000,0x0000,0x0000,0x0000,0x0000,0x0000,0x0000,0x0000,
    0x0000,0x0000,0x0000,0x0000,0x0000,0x0000,0x0000,0x0000,0x0000,0x0000,0x0000,0x0000,
    0x0000,0x0000,0x0000,0x0000,0x0000,0x0000,0x0000,0x0000,0x0000,0x0000,0x0000,0x0000,
    0x0000,0x0000,0x0000,0x0000,0x0000,0x0000,0x0000,0x0000,0x0000,0x0000,0x0000,0x0000,
    0x0000,0x0000,0x0000,0x0000,0x0000,0x0923,0x0923,0x0000,0x0000,0x0000,0x0000,0x0000,
    0x0000,0x0000,0x0000,0x0000,0x1144,0x342C,0x342C,0x1144,0x0000,0x0000,0x0000,0x0000,
    0x0000,0x0000,0x0000,0x0000,0x1144,0x342C,0x342C,0x1144,0x0000,0x0000,0x0000,0x0000,
    0x0000,0x0000,0x0000,0x0000,0x0000,0x0923,0x0923,0x0000,0x0000,0x0000,0x0000,0x0000,
    0x0000,0x0000,0x0000,0x0000,0x0000,0x0000,0x0000,0x0000,0x0000,0x0000,0x0000,0x0000,
    0x0000,0x0000,0x0000,0x0000,0x0000,0x0000,0x0000,0x0000,0x0000,0x0000,0x0000,0x0000,
    0x0000,0x0000,0x0000,0x0000,0x0000,0x0000,0x0000,0x0000,0x0000,0x0000,0x0000,0x0000,
    0x0000,0x0000,0x0000,0x0000,0x0000,0x0000,0x0000,0x0000,0x0000,0x0000,0x0000,0x0000,
};

static const uint16_t aprs_alt_icon_px_46[] PROGMEM = {  // 'Y'
    0x0000,0x0000,0x0000,0x0000,0x0000,0x0000,0x0000,0x0841,0x4208,0x0000,0x0000,0x0000,
    0x0000,0x0000,0x0000,0x0000,0x0000,0x0000,0x0000,0x4A6A,0x39C7,0x0000,0x0000,0x0000,
    0x0000,0x0000,0x0000,0x0000,0x0000,0x0000,0x18A3,0x62ED,0x0000,0x0000,0x0000,0x0000,
    0x0000,0x0000,0x0000,0x18E4,0x5B4C,0x536C,0x5BAD,0x638D,0x3166,0x0000,0x0000,0x0000,
    0x0000,0x0000,0x0000,0x3146,0x65AF,0x5E6F,0x5E4F,0x5D8F,0x4209,0x0000,0x0000,0x0000,
    0x0000,0x0000,0x0000,0x2946,0x64AE,0x5D2E,0x5D2E,0x5CAE,0x41E9,0x0000,0x0000,0x0000,
    0x0000,0x0000,0x0000,0x2966,0x62ED,0x5A8C,0x5AAC,0x5AED,0x4209,0x0000,0x0000,0x0000,
    0x0000,0x0000,0x0000,0x2966,0x630D,0x5ACC,0x5ACC,0x5B0D,0x4209,0x0000,0x0000,0x0000,
    0x0000,0x0000,0x0000,0x2966,0x630D,0x52AC,0x5ACC,0x5AEC,0x4209,0x0000,0x0000,0x0000,
    0x0000,0x0000,0x0000,0x2966,0x6B4E,0x5AED,0x630D,0x632E,0x4229,0x0000,0x0000,0x0000,
    0x0000,0x0000,0x0000,0x0841,0x2966,0x2966,0x2966,0x2966,0x1082,0x0000,0x0000,0x0000,
    0x0000,0x0000,0x0000,0x0000,0x0000,0x0000,0x0000,0x0000,0x0000,0x0000,0x0000,0x0000,
};

static const uint16_t aprs_alt_icon_px_47[] PROGMEM = {  // '['
    0x0000,0x0000,0x0000,0x0000,0x0000,0x0000,0x0000,0x0020,0x0000,0x0000,0x0000,0x0000,
    0x0000,0x0000,0x0000,0x0000,0x0000,0x0000,0x0000,0x0000,0x0000,0x0000,0x0000,0x0000,
    0x0000,0x0000,0x0000,0x0000,0x0000,0x0020,0x4A49,0x6B4D,0x2104,0x0000,0x0000,0x0000,
    0x0000,0x0000,0x0000,0x0000,0x0000,0x8C72,0xDEDC,0xD6BC,0xCE7A,0x3186,0x0000,0x0000,
    0x0000,0x0000,0x18E3,0x7BF0,0x9CF4,0xCE5A,0xC63A,0xC619,0xD6BB,0x9493,0x0000,0x0000,
    0x0000,0x1082,0xBDD8,0xDEDC,0xD69B,0xC63A,0xC63A,0xC619,0xDEDC,0x7BF0,0x0000,0x0000,
    0x0000,0x3186,0xDEDC,0xC619,0xC619,0xC63A,0xD69B,0xD69B,0xAD56,0x18E3,0x0000,0x0000,
    0x0000,0x0841,0x94B3,0xDEDC,0xD6BC,0xD6BB,0x7BD0,0x3186,0x0020,0x0000,0x0000,0x0000,
    0x0000,0x0000,0x0000,0x4A49,0x6B6E,0x31A7,0x0000,0x0000,0x0000,0x0000,0x0000,0x0000,
    0x0000,0x0000,0x0000,0x0000,0x0000,0x0000,0x0000,0x0000,0x0000,0x0000,0x0000,0x0000,
    0x0000,0x0000,0x0000,0x0000,0x0020,0x0000,0x0000,0x0000,0x0000,0x0000,0x0000,0x0000,
    0x0000,0x0000,0x0000,0x0000,0x0000,0x0000,0x0000,0x0000,0x0000,0x0000,0x0000,0x0000,
};

static const uint16_t aprs_alt_icon_px_48[] PROGMEM = {  // '\\'
    0x0000,0x0000,0x0000,0x0000,0x0000,0x0000,0x0000,0x0000,0x0000,0x0000,0x0000,0x0000,
    0x0000,0x0000,0x0000,0x0020,0x1105,0x1187,0x1187,0x1105,0x0020,0x0000,0x0000,0x0000,
    0x0000,0x0000,0x0882,0x1188,0x08E4,0x0041,0x0041,0x08E4,0x1188,0x0882,0x0000,0x0000,
    0x0000,0x0021,0x1187,0x0020,0x0000,0x0000,0x0000,0x0000,0x0020,0x1187,0x0021,0x0000,
    0x0000,0x1125,0x08C3,0x0000,0x0000,0x0000,0x0000,0x0000,0x0000,0x08C3,0x1125,0x0000,
    0x0000,0x1187,0x0021,0x0000,0x0021,0x4D1A,0x4D1A,0x0021,0x0000,0x0021,0x1187,0x0000,
    0x0000,0x1187,0x0021,0x0000,0x0021,0x4D1A,0x4D1A,0x0021,0x0000,0x0021,0x1187,0x0000,
    0x0000,0x1125,0x08C3,0x0000,0x0000,0x0000,0x0000,0x0000,0x0000,0x08C3,0x1125,0x0000,
    0x0000,0x0021,0x1187,0x0020,0x0000,0x0000,0x0000,0x0000,0x0020,0x1187,0x0021,0x0000,
    0x0000,0x0000,0x0882,0x1188,0x08E4,0x0041,0x0041,0x08E4,0x1188,0x0882,0x0000,0x0000,
    0x0000,0x0000,0x0000,0x0020,0x1105,0x1187,0x1187,0x1105,0x0020,0x0000,0x0000,0x0000,
    0x0000,0x0000,0x0000,0x0000,0x0000,0x0000,0x0000,0x0000,0x0000,0x0000,0x0000,0x0000,
};

static const uint16_t aprs_alt_icon_px_49[] PROGMEM = {  // '`'
    0x0000,0x0000,0x0000,0x0000,0x0000,0x0000,0x0000,0x0000,0x0000,0x0000,0x0000,0x0000,
    0x0000,0x0000,0x0000,0x0000,0x0000,0x1948,0x2A2D,0x0000,0x0000,0x0000,0x0000,0x0000,
    0x0000,0x0000,0x0000,0x0000,0x0000,0x43B6,0x545B,0x0062,0x0000,0x0000,0x0000,0x0000,
    0x0000,0x0000,0x0000,0x0000,0x21CB,0x54BD,0x54BD,0x32B1,0x0000,0x0000,0x0000,0x0000,
    0x0000,0x0000,0x0000,0x0883,0x4C5A,0x547B,0x547B,0x547B,0x08A4,0x0000,0x0000,0x0000,
    0x0000,0x0000,0x0000,0x32F2,0x54BD,0x4C5B,0x4C5B,0x54BD,0x3B33,0x0000,0x0000,0x0000,
    0x0000,0x0000,0x1127,0x54BD,0x4C5B,0x547B,0x547B,0x4C5B,0x54BD,0x1127,0x0000,0x0000,
    0x0000,0x0000,0x0883,0x4C19,0x549C,0x4C5B,0x545B,0x547C,0x4C19,0x0883,0x0000,0x0000,
    0x0000,0x0000,0x0000,0x10E5,0x4C5B,0x547B,0x4C5B,0x549C,0x1127,0x0000,0x0000,0x0000,
    0x0000,0x0000,0x0000,0x0000,0x19AA,0x549C,0x54BD,0x2A2D,0x0000,0x0000,0x0000,0x0000,
    0x0000,0x0000,0x0000,0x0000,0x0000,0x2A4E,0x3B75,0x0000,0x0000,0x0000,0x0000,0x0000,
    0x0000,0x0000,0x0000,0x0000,0x0000,0x0000,0x0021,0x0000,0x0000,0x0000,0x0000,0x0000,
};

static const uint16_t aprs_alt_icon_px_50[] PROGMEM = {  // 'a'
    0x0000,0x0000,0x0000,0x0000,0x0000,0x0000,0x0000,0x0000,0x0000,0x0000,0x0000,0x0000,
    0x0000,0x0000,0x0000,0x0000,0x08C5,0x19CC,0x19CC,0x08C5,0x0000,0x0000,0x0000,0x0000,
    0x0000,0x0000,0x0041,0x2A90,0x43FA,0x3C1A,0x3BFA,0x43FA,0x2A90,0x0041,0x0000,0x0000,
    0x0000,0x0000,0x2A90,0x443B,0x3BB8,0x43D8,0x4C39,0x3BB8,0x443B,0x2A90,0x0000,0x0000,
    0x0000,0x08C5,0x3BFA,0x3BB8,0x2B78,0x5439,0x8D7B,0x2B78,0x3BB8,0x3BFA,0x08C5,0x0000,
    0x0000,0x19CC,0x3C1A,0x43D8,0x5439,0x6CBA,0x95BB,0x4C39,0x43D8,0x3C1A,0x19CC,0x0000,
    0x0000,0x19CC,0x3BFA,0x5419,0x8D7B,0x95BB,0xB65C,0x8D5B,0x5439,0x3BFA,0x19CC,0x0000,
    0x0000,0x08C5,0x43FA,0x3BB8,0x2B78,0x4C39,0x8D5B,0x2358,0x3BB8,0x43FA,0x08C5,0x0000,
    0x0000,0x0000,0x2A90,0x443B,0x3BB8,0x43F8,0x5439,0x3BB8,0x443B,0x2A90,0x0000,0x0000,
    0x0000,0x0000,0x0041,0x2A90,0x43FA,0x3C1A,0x3BFA,0x43FA,0x2A90,0x0041,0x0000,0x0000,
    0x0000,0x0000,0x0000,0x0000,0x08C5,0x19CC,0x19CC,0x08C5,0x0000,0x0000,0x0000,0x0000,
    0x0000,0x0000,0x0000,0x0000,0x0000,0x0000,0x0000,0x0000,0x0000,0x0000,0x0000,0x0000,
};

static const uint16_t aprs_alt_icon_px_51[] PROGMEM = {  // 'c'
    0x0000,0x0000,0x0000,0x0000,0x0000,0x0000,0x0000,0x0000,0x0000,0x0000,0x0000,0x0000,
    0x0000,0x0000,0x0000,0x0000,0x0000,0x0062,0x08A4,0x0000,0x0000,0x0000,0x0000,0x0000,
    0x0000,0x0000,0x0000,0x0000,0x0000,0x228E,0x33B5,0x0000,0x0000,0x0000,0x0000,0x0000,
    0x0000,0x0000,0x0000,0x0000,0x08C4,0x2B11,0x2B11,0x1167,0x0000,0x0000,0x0000,0x0000,
    0x0000,0x0000,0x0000,0x0000,0x2B11,0x1127,0x0062,0x2B73,0x0021,0x0000,0x0000,0x0000,
    0x0000,0x0000,0x0000,0x1147,0x2B11,0x0000,0x0000,0x228E,0x19EB,0x0000,0x0000,0x0000,
    0x0000,0x0000,0x0000,0x2B53,0x08E5,0x0000,0x0000,0x0062,0x2B73,0x0020,0x0000,0x0000,
    0x0000,0x0000,0x19EB,0x22AF,0x0000,0x0020,0x0000,0x0000,0x226D,0x1A2C,0x0000,0x0000,
    0x0000,0x0041,0x2B32,0x0020,0x0000,0x0000,0x0000,0x0000,0x0000,0x2B32,0x0062,0x0000,
    0x0000,0x22AF,0x2B32,0x1168,0x1188,0x1168,0x1168,0x1188,0x1168,0x2B32,0x22AF,0x0000,
    0x0000,0x19CA,0x1A4D,0x224D,0x224D,0x224D,0x224D,0x224D,0x224D,0x1A4D,0x19CA,0x0000,
    0x0000,0x0000,0x0000,0x0000,0x0000,0x0000,0x0000,0x0000,0x0000,0x0000,0x0000,0x0000,
};

static const uint16_t aprs_alt_icon_px_52[] PROGMEM = {  // 'd'
    0x0000,0x0000,0x0020,0x0000,0x0000,0x0000,0x0000,0x0000,0x0000,0x0000,0x0000,0x0000,
    0x0000,0x0840,0x69C5,0x2041,0x0000,0x0000,0x0000,0x0000,0x0000,0x0000,0x0000,0x0000,
    0x0000,0x0020,0xBA06,0xD9E6,0xB185,0x8123,0x4082,0x1020,0x0000,0x0000,0x0000,0x0000,
    0x0000,0x0020,0xB1E6,0xD1C6,0xD1E6,0xE206,0xEA07,0xD1E6,0xA164,0x48A2,0x0820,0x0000,
    0x0000,0x0020,0xB9E6,0xE206,0xC9C6,0xA985,0x7103,0x40A2,0x2041,0x0800,0x0000,0x0000,
    0x0000,0x0840,0x89E5,0x50A2,0x2041,0x0000,0x0000,0x0000,0x0000,0x0000,0x0000,0x0000,
    0x0000,0x0840,0x49E5,0x0000,0x0000,0x0000,0x0000,0x0000,0x0000,0x0000,0x0000,0x0000,
    0x0000,0x0840,0x51E5,0x0000,0x0000,0x0000,0x0000,0x0000,0x0000,0x0000,0x0000,0x0000,
    0x0000,0x0840,0x51E5,0x0000,0x0000,0x0000,0x0000,0x0000,0x0000,0x0000,0x0000,0x0000,
    0x0000,0x0840,0x51E5,0x0000,0x0000,0x0000,0x0000,0x0000,0x0000,0x0000,0x0000,0x0000,
    0x0000,0x0840,0x51E5,0x0000,0x0000,0x0000,0x0000,0x0000,0x0000,0x0000,0x0000,0x0000,
    0x0000,0x0000,0x1081,0x0000,0x0000,0x0000,0x0000,0x0000,0x0000,0x0000,0x0000,0x0000,
};

static const uint16_t aprs_alt_icon_px_53[] PROGMEM = {  // 'e'
    0x0000,0x0000,0x0000,0x0000,0x0000,0x0000,0x0000,0x0000,0x0000,0x0000,0x0000,0x0000,
    0x0000,0x0000,0x0000,0x0000,0x0000,0x0000,0x0000,0x0000,0x0000,0x0000,0x0000,0x0000,
    0x0000,0x0000,0x0000,0x1925,0x0020,0x0000,0x0000,0x0000,0x0000,0x0000,0x0000,0x0000,
    0x0000,0x0000,0x1925,0xC79F,0x4ACC,0x0000,0x0000,0x0000,0x0000,0x0000,0x0000,0x0000,
    0x0000,0x0000,0x0041,0x4ACC,0x1904,0x0000,0x6C32,0x95B8,0x0020,0x0000,0x0000,0x0000,
    0x0000,0x0000,0x0000,0x0000,0x0000,0x0000,0x4AEC,0x6C32,0x0020,0x0000,0x0000,0x0000,
    0x0000,0x0000,0x0000,0x0020,0x3A6A,0x29A7,0x0000,0x0000,0x0000,0x0000,0x0000,0x0000,
    0x0000,0x0000,0x0000,0x0021,0xAE9C,0x7CD5,0x0000,0x10A3,0x18E4,0x0000,0x0000,0x0000,
    0x0000,0x0000,0x0000,0x0000,0x18E4,0x10A2,0x0000,0x7CD5,0xAE9C,0x0021,0x0000,0x0000,
    0x0000,0x0000,0x0000,0x0000,0x0000,0x0000,0x0000,0x29A7,0x3A6A,0x0000,0x0000,0x0000,
    0x0000,0x0000,0x0000,0x0000,0x0000,0x0000,0x0000,0x0000,0x0000,0x0000,0x0000,0x0000,
    0x0000,0x0000,0x0000,0x0000,0x0000,0x0000,0x0000,0x0000,0x0000,0x0000,0x0000,0x0000,
};

static const uint16_t aprs_alt_icon_px_54[] PROGMEM = {  // 'f'
    0x0000,0x0000,0x0000,0x0000,0x0000,0x0000,0x0000,0x0000,0x0000,0x0000,0x0000,0x0000,
    0x0000,0x0000,0x2966,0x4A49,0x4229,0x4229,0x4229,0x4229,0x4A49,0x2966,0x0000,0x0000,
    0x0000,0x0000,0x2966,0x9CF5,0x94B4,0x94B4,0x94B4,0x94B4,0x9CF5,0x2966,0x0000,0x0000,
    0x0000,0x0000,0x0000,0x632D,0x9493,0x8C52,0x8C52,0x9493,0x632D,0x0000,0x0000,0x0000,
    0x0000,0x0000,0x0000,0x18E3,0x8C72,0x8C72,0x8C72,0x8C72,0x18E3,0x0000,0x0000,0x0000,
    0x0000,0x0000,0x0000,0x0000,0x52AB,0x94B3,0x94B3,0x52AB,0x0000,0x0000,0x0000,0x0000,
    0x0000,0x0000,0x0000,0x0000,0x10A2,0x8C52,0x8C52,0x10A2,0x0000,0x0000,0x0000,0x0000,
    0x0000,0x0000,0x0000,0x0000,0x0000,0x738F,0x738F,0x0000,0x0000,0x0000,0x0000,0x0000,
    0x0000,0x0000,0x0000,0x0000,0x0000,0x6B6E,0x6B6E,0x0000,0x0000,0x0000,0x0000,0x0000,
    0x0000,0x0000,0x0000,0x0000,0x0000,0x738F,0x738F,0x0000,0x0000,0x0000,0x0000,0x0000,
    0x0000,0x0000,0x0000,0x0000,0x0000,0x632D,0x632D,0x0000,0x0000,0x0000,0x0000,0x0000,
    0x0000,0x0000,0x0000,0x0000,0x0000,0x0841,0x0841,0x0000,0x0000,0x0000,0x0000,0x0000,
};

static const uint16_t aprs_alt_icon_px_55[] PROGMEM = {  // 'g'
    0x0000,0x0000,0x0020,0x0000,0x0000,0x0000,0x0000,0x0000,0x0000,0x0000,0x0000,0x0000,
    0x0000,0x0000,0x5145,0x1840,0x0000,0x0000,0x0000,0x0000,0x0000,0x0000,0x0000,0x0000,
    0x0000,0x0000,0xA964,0xD9E6,0x9944,0x70E3,0x3061,0x0000,0x0000,0x0000,0x0000,0x0000,
    0x0000,0x0000,0xA964,0xFA27,0xD1C6,0xA964,0x50A2,0x0800,0x0000,0x0000,0x0000,0x0000,
    0x0000,0x0000,0x6965,0x3881,0x0000,0x0000,0x0000,0x0000,0x0000,0x0000,0x0000,0x0000,
    0x0000,0x0000,0x6965,0x48A2,0x1840,0x0000,0x0000,0x0000,0x0000,0x0000,0x0000,0x0000,
    0x0000,0x0000,0xA964,0xFA27,0xE9E6,0xB185,0x58C2,0x0820,0x0000,0x0000,0x0000,0x0000,
    0x0000,0x0000,0xA164,0xB185,0x60C2,0x3881,0x1020,0x0000,0x0000,0x0000,0x0000,0x0000,
    0x0000,0x0000,0x3966,0x0000,0x0000,0x0000,0x0000,0x0000,0x0000,0x0000,0x0000,0x0000,
    0x0000,0x0000,0x2986,0x0000,0x0000,0x0000,0x0000,0x0000,0x0000,0x0000,0x0000,0x0000,
    0x0000,0x0000,0x3186,0x0000,0x0000,0x0000,0x0000,0x0000,0x0000,0x0000,0x0000,0x0000,
    0x0000,0x0000,0x0861,0x0000,0x0000,0x0000,0x0000,0x0000,0x0000,0x0000,0x0000,0x0000,
};

static const uint16_t aprs_alt_icon_px_56[] PROGMEM = {  // 'h'
    0x0000,0x0000,0x0000,0x0000,0x0000,0x0000,0x0000,0x0000,0x0000,0x0000,0x0000,0x0000,
    0x0000,0x0000,0x0000,0x0000,0x0000,0x0000,0x0000,0x0000,0x0000,0x0000,0x0000,0x0000,
    0x0000,0x2901,0xAC24,0xA3E4,0xA3E4,0xA3E4,0xAC25,0x5202,0x0000,0x0000,0x0000,0x0000,
    0x0000,0x3961,0xF5C6,0xE586,0xE586,0xE586,0xED86,0xEDA6,0x5202,0x0000,0x0000,0x0000,
    0x0000,0x3141,0xED86,0xD526,0xDD46,0xDD46,0xDD26,0xDD46,0xE566,0x2921,0x0000,0x0000,
    0x0000,0x3961,0xCCE6,0x2103,0x93A5,0xE586,0xDD46,0xDD46,0xDD66,0xD526,0x3961,0x0000,
    0x0000,0x3961,0xCCE6,0x2103,0x93A5,0xE586,0xDD46,0xDD46,0xDD46,0xEDC6,0x5202,0x0000,
    0x0000,0x3141,0xED86,0xD526,0xDD46,0xDD46,0xDD26,0xDD46,0xED86,0x5202,0x0000,0x0000,
    0x0000,0x3961,0xF5C6,0xE586,0xE586,0xE586,0xED86,0xEDA6,0x5202,0x0000,0x0000,0x0000,
    0x0000,0x2901,0xAC24,0xA3E4,0xA3E4,0xA3E4,0xAC25,0x5202,0x0000,0x0000,0x0000,0x0000,
    0x0000,0x0000,0x0000,0x0000,0x0000,0x0000,0x0000,0x0000,0x0000,0x0000,0x0000,0x0000,
    0x0000,0x0000,0x0000,0x0000,0x0000,0x0000,0x0000,0x0000,0x0000,0x0000,0x0000,0x0000,
};

static const uint16_t aprs_alt_icon_px_57[] PROGMEM = {  // 'i'
    0x0000,0x0000,0x0000,0x0000,0x0000,0x0000,0x0000,0x0000,0x0000,0x0000,0x0000,0x0000,
    0x0000,0x0000,0x0000,0x0000,0x0883,0x2A2C,0x2A2C,0x0883,0x0000,0x0000,0x0000,0x0000,
    0x0000,0x0000,0x0000,0x10E5,0x549A,0x5CFE,0x5CFE,0x549A,0x10E5,0x0000,0x0000,0x0000,
    0x0000,0x0000,0x0000,0x4353,0x5D1D,0xBDCE,0xBDCE,0x5D1D,0x4353,0x0000,0x0000,0x0000,
    0x0000,0x0000,0x0000,0x4394,0x651C,0xFEC7,0xFEC7,0x651C,0x4394,0x0000,0x0000,0x0000,
    0x0000,0x0000,0x0000,0x21CA,0x5CDD,0x74F8,0x74F8,0x5CDD,0x21CA,0x0000,0x0000,0x0000,
    0x0000,0x0000,0x0000,0x1105,0x5CDC,0x549C,0x549B,0x5CFC,0x1968,0x0000,0x0000,0x0000,
    0x0000,0x0000,0x0000,0x0000,0x4394,0x5CFC,0x5CDB,0x4C17,0x0021,0x0000,0x0000,0x0000,
    0x0000,0x0000,0x0000,0x0000,0x1126,0x5CDC,0x5CFD,0x21AA,0x0000,0x0000,0x0000,0x0000,
    0x0000,0x0000,0x0000,0x0000,0x0000,0x43B5,0x5459,0x0000,0x0000,0x0000,0x0000,0x0000,
    0x0000,0x0000,0x0000,0x0000,0x0000,0x1968,0x21CA,0x0000,0x0000,0x0000,0x0000,0x0000,
    0x0000,0x0000,0x0000,0x0000,0x0000,0x0000,0x0000,0x0000,0x0000,0x0000,0x0000,0x0000,
};

static const uint16_t aprs_alt_icon_px_58[] PROGMEM = {  // 'j'
    0x0000,0x0000,0x0000,0x0000,0x0000,0x0000,0x0000,0x0000,0x0000,0x0000,0x0000,0x0000,
    0x0000,0x0000,0x0000,0x0000,0x0000,0x28C0,0x4941,0x0000,0x0000,0x0000,0x0000,0x0000,
    0x0000,0x0000,0x0000,0x0000,0x0000,0x79E2,0xB2E3,0x0000,0x0000,0x0000,0x0000,0x0000,
    0x0000,0x0000,0x0000,0x0000,0x0000,0xB2E3,0xE3A3,0x0820,0x0000,0x0000,0x0000,0x0000,
    0x0000,0x0000,0x0000,0x0000,0x2080,0xE3A3,0xF3E4,0x4101,0x0000,0x0000,0x0000,0x0000,
    0x0000,0x0000,0x0000,0x0000,0x71C1,0xF3E3,0xF3E3,0x9241,0x0000,0x0000,0x0000,0x0000,
    0x0000,0x0000,0x0000,0x0841,0xCB64,0xEC05,0xEC05,0xD3A4,0x1061,0x0000,0x0000,0x0000,
    0x0000,0x0020,0x0000,0x6B8E,0xFFFF,0xEF5D,0xEF5D,0xFFDF,0x6B8E,0x0000,0x0020,0x0000,
    0x0000,0x0000,0x0000,0x8AA5,0xFD2B,0xECCA,0xECCA,0xFD2B,0x8AA5,0x0000,0x0000,0x0000,
    0x0000,0x0000,0x0841,0x9A83,0xBB02,0xB2E2,0xB2E2,0xBB02,0x9A83,0x0841,0x0000,0x0000,
    0x0000,0x0000,0x18E3,0x2125,0x1905,0x1905,0x1905,0x1905,0x2125,0x18E3,0x0000,0x0000,
    0x0000,0x0000,0x0000,0x0000,0x0020,0x0020,0x0020,0x0020,0x0000,0x0000,0x0000,0x0000,
};

static const uint16_t aprs_alt_icon_px_59[] PROGMEM = {  // 'l'
    0x0000,0x0000,0x0000,0x0000,0x0000,0x0000,0x0000,0x0000,0x0000,0x0000,0x0000,0x0000,
    0x0000,0x1125,0x1986,0x0020,0x1986,0x08A3,0x1104,0x1125,0x0041,0x21C7,0x1125,0x0000,
    0x0000,0x1986,0x0861,0x0000,0x0020,0x0000,0x0020,0x0020,0x0000,0x0861,0x1986,0x0000,
    0x0000,0x0020,0x0000,0x0000,0x0000,0x0000,0x0000,0x0000,0x0000,0x0000,0x0020,0x0000,
    0x0000,0x1986,0x0020,0x0000,0x0000,0x0000,0x0000,0x0000,0x0000,0x0020,0x1986,0x0000,
    0x0000,0x08A3,0x0000,0x0000,0x0000,0x0000,0x0000,0x0000,0x0000,0x0000,0x08A3,0x0000,
    0x0000,0x1104,0x0020,0x0000,0x0000,0x0000,0x0000,0x0000,0x0000,0x0020,0x1104,0x0000,
    0x0000,0x1125,0x0020,0x0000,0x0000,0x0000,0x0000,0x0000,0x0000,0x0020,0x1125,0x0000,
    0x0000,0x0041,0x0000,0x0000,0x0000,0x0000,0x0000,0x0000,0x0000,0x0000,0x0041,0x0000,
    0x0000,0x21C7,0x0861,0x0000,0x0020,0x0000,0x0020,0x0020,0x0000,0x0861,0x21A7,0x0000,
    0x0000,0x1125,0x1986,0x0020,0x1986,0x08A3,0x1104,0x1125,0x0041,0x21A7,0x08A3,0x0000,
    0x0000,0x0000,0x0000,0x0000,0x0000,0x0000,0x0000,0x0000,0x0000,0x0000,0x0000,0x0000,
};

static const uint16_t aprs_alt_icon_px_60[] PROGMEM = {  // 'm'
    0x0000,0x0000,0x0840,0x1080,0x1060,0x1060,0x1060,0x1060,0x1080,0x0840,0x0000,0x0000,
    0x0000,0x0000,0xA4A5,0xEEA7,0xDE46,0xDE46,0xDE46,0xDE46,0xEEA7,0xA4A5,0x0000,0x0000,
    0x0000,0x0000,0xB525,0xFF47,0xEEC7,0xF6E7,0xF6E7,0xEEC7,0xFF47,0xB525,0x0000,0x0000,
    0x0000,0x0000,0xC586,0xFFC8,0xFF47,0xFF47,0xFF47,0xFF47,0xFFC8,0xC586,0x0000,0x0000,
    0x0000,0x0000,0x5A82,0x7BA4,0x7363,0x8BE5,0x9425,0x7363,0x83A4,0x5A82,0x0000,0x0000,
    0x0000,0x0000,0x0000,0x0000,0x0000,0x1082,0x2923,0x0000,0x0000,0x0000,0x0000,0x0000,
    0x0000,0x0000,0x0000,0x0020,0x0020,0x2102,0x39A4,0x0020,0x0020,0x0000,0x0000,0x0000,
    0x0000,0x0000,0x0000,0x0000,0x0000,0x20E2,0x3984,0x0000,0x0000,0x0000,0x0000,0x0000,
    0x0000,0x0000,0x0000,0x0000,0x0000,0x20E2,0x3984,0x0000,0x0000,0x0000,0x0000,0x0000,
    0x0000,0x0000,0x0000,0x0000,0x0000,0x20E2,0x3984,0x0000,0x0000,0x0000,0x0000,0x0000,
    0x0000,0x0000,0x0000,0x0000,0x0000,0x20E2,0x3984,0x0000,0x0000,0x0000,0x0000,0x0000,
    0x0000,0x0000,0x0000,0x0000,0x0000,0x0840,0x1061,0x0000,0x0000,0x0000,0x0000,0x0000,
};

static const uint16_t aprs_alt_icon_px_61[] PROGMEM = {  // 'n'
    0x0000,0x0000,0x0000,0x0000,0x0000,0x0000,0x0000,0x0000,0x0000,0x0000,0x0000,0x0000,
    0x0000,0x0000,0x0000,0x0000,0x0000,0x41E2,0x5A62,0x0000,0x0000,0x0000,0x0000,0x0000,
    0x0000,0x0000,0x0000,0x0000,0x0000,0xB4E5,0xD5A6,0x0020,0x0000,0x0000,0x0000,0x0000,
    0x0000,0x0000,0x0000,0x0000,0x3981,0xEE67,0xF6A7,0x5242,0x0000,0x0000,0x0000,0x0000,
    0x0000,0x0000,0x0000,0x0000,0xACA5,0xF687,0xEE67,0xC546,0x0020,0x0000,0x0000,0x0000,
    0x0000,0x0000,0x0000,0x39A2,0xF687,0xE627,0xE627,0xF6A8,0x5242,0x0000,0x0000,0x0000,
    0x0000,0x0000,0x0020,0xC546,0xEE87,0xE627,0xE627,0xEE67,0xC546,0x0020,0x0000,0x0000,
    0x0000,0x0000,0x5242,0xF6A8,0xE627,0xE647,0xE647,0xE627,0xF6A8,0x5242,0x0000,0x0000,
    0x0000,0x0000,0xC546,0xEE67,0xE627,0xE627,0xE627,0xE627,0xEE67,0xC546,0x0000,0x0000,
    0x0000,0x6283,0xFF08,0xF687,0xF6A8,0xF6A8,0xF6A8,0xF6A8,0xF687,0xFF08,0x6283,0x0000,
    0x0000,0x83A4,0xB4C5,0xA485,0xAC85,0xAC85,0xAC85,0xAC85,0xA485,0xB4C5,0x83A4,0x0000,
    0x0000,0x0000,0x0000,0x0000,0x0000,0x0000,0x0000,0x0000,0x0000,0x0000,0x0000,0x0000,
};

static const uint16_t aprs_alt_icon_px_62[] PROGMEM = {  // 'o'
    0x0000,0x0000,0x0000,0x0000,0x0000,0x0000,0x0000,0x0000,0x0000,0x0000,0x0000,0x0000,
    0x0000,0x0000,0x0000,0x0000,0x0000,0x0000,0x0000,0x0000,0x0000,0x0000,0x0000,0x0000,
    0x0000,0x0000,0x0000,0x0000,0x0000,0x0000,0x0000,0x0000,0x0000,0x0000,0x0000,0x0000,
    0x0000,0x0000,0x0000,0x0000,0x0841,0x5AEC,0x5AEC,0x0841,0x0000,0x0000,0x0000,0x0000,
    0x0000,0x0000,0x0000,0x0861,0xA515,0xDEDC,0xDEDC,0xA515,0x0861,0x0000,0x0000,0x0000,
    0x0000,0x0000,0x0000,0x5AEC,0xDEDC,0xC619,0xC619,0xDEDC,0x5AEC,0x0000,0x0000,0x0000,
    0x0000,0x0000,0x0000,0x5AEC,0xDEDC,0xC619,0xC619,0xDEDC,0x5AEC,0x0000,0x0000,0x0000,
    0x0000,0x0000,0x0000,0x0861,0xA515,0xDEDC,0xDEDC,0xA515,0x0861,0x0000,0x0000,0x0000,
    0x0000,0x0000,0x0000,0x0000,0x0841,0x5AEC,0x5AEC,0x0841,0x0000,0x0000,0x0000,0x0000,
    0x0000,0x0000,0x0000,0x0000,0x0000,0x0000,0x0000,0x0000,0x0000,0x0000,0x0000,0x0000,
    0x0000,0x0000,0x0000,0x0000,0x0000,0x0000,0x0000,0x0000,0x0000,0x0000,0x0000,0x0000,
    0x0000,0x0000,0x0000,0x0000,0x0000,0x0000,0x0000,0x0000,0x0000,0x0000,0x0000,0x0000,
};

static const uint16_t aprs_alt_icon_px_63[] PROGMEM = {  // 'r'
    0x0000,0x0000,0x0000,0x0000,0x0000,0x0000,0x0000,0x0000,0x0000,0x0000,0x0000,0x0000,
    0x0000,0x0000,0x0841,0x52AB,0x18E3,0x0000,0x0000,0x18E3,0x5ACB,0x0841,0x0000,0x0000,
    0x0020,0x0000,0x5ACB,0xFFFF,0x8C72,0x0000,0x0000,0x8431,0xF79F,0x528A,0x0000,0x0020,
    0x0000,0x0000,0x18E3,0x8C72,0x39C7,0x0000,0x0000,0x630C,0xCE5A,0x31A7,0x0000,0x0000,
    0x0000,0x0000,0x0000,0x0000,0x0000,0x0000,0x0000,0x8C72,0xDEFD,0x630C,0x0000,0x0020,
    0x0000,0x0000,0x0000,0x0000,0x0000,0x0000,0x0000,0x9493,0xE71D,0x630C,0x0000,0x0020,
    0x0000,0x0841,0x0861,0x0861,0x0861,0x0861,0x0000,0x9493,0xE71D,0x630C,0x0000,0x0020,
    0x0000,0x528A,0xCE5A,0xB5B7,0xC63A,0x8411,0x0000,0x9493,0xE71D,0x630C,0x0000,0x0020,
    0x0000,0x2966,0xD69B,0xC639,0xDEDC,0x630D,0x0000,0x94B3,0xE71D,0x630C,0x0000,0x0020,
    0x0000,0x1082,0xC619,0xCE7A,0xD6BC,0x39C7,0x0000,0x94B3,0xE73E,0x632D,0x0000,0x0020,
    0x0000,0x0000,0x9493,0xC619,0xB597,0x10A3,0x0000,0x8431,0xD69B,0x5ACB,0x0000,0x0020,
    0x0000,0x0000,0x0841,0x0862,0x0861,0x0000,0x0000,0x0841,0x1082,0x0020,0x0000,0x0000,
};

static const uint16_t aprs_alt_icon_px_64[] PROGMEM = {  // 't'
    0x0000,0x0000,0x0000,0x0000,0x0000,0x0000,0x0000,0x0000,0x0000,0x0000,0x0000,0x0000,
    0x0000,0x18C3,0x4229,0x39E8,0x4208,0x4208,0x4208,0x4208,0x39E8,0x4229,0x18C3,0x0000,
    0x0000,0x1082,0x8432,0x8C73,0x8C52,0x8C72,0x8C72,0x8C52,0x9493,0x7BD0,0x0861,0x0000,
    0x0000,0x0000,0x31A7,0x8C52,0x7BF0,0x8411,0x7BF1,0x8411,0x8411,0x1082,0x0000,0x0000,
    0x0000,0x0000,0x0000,0x6B6E,0x8C72,0x8411,0x8411,0x8C52,0x4208,0x0841,0x0000,0x0000,
    0x0000,0x0000,0x0000,0x1082,0x2945,0x73AF,0x8431,0x8411,0x7BF1,0x2966,0x0000,0x0000,
    0x0000,0x0000,0x0000,0x0000,0x18E3,0x8432,0x8411,0x8432,0x31A7,0x0000,0x0000,0x0000,
    0x0000,0x0000,0x0000,0x0000,0x6B4E,0x8C72,0x8411,0x39E8,0x0000,0x0000,0x0000,0x0000,
    0x0000,0x0000,0x0000,0x0020,0x2104,0x5ACC,0x8C73,0x52AB,0x0000,0x0000,0x0000,0x0000,
    0x0000,0x0000,0x0000,0x0000,0x0000,0x2966,0x8C73,0x18C3,0x0000,0x0000,0x0000,0x0000,
    0x0000,0x0000,0x0000,0x0000,0x0000,0x18E3,0x4A6A,0x0000,0x0000,0x0000,0x0000,0x0000,
    0x0000,0x0000,0x0000,0x0000,0x0000,0x0000,0x0020,0x0000,0x0000,0x0000,0x0000,0x0000,
};

static const uint16_t aprs_alt_icon_px_65[] PROGMEM = {  // 'w'
    0x0000,0x0000,0x0000,0x0000,0x0000,0x0000,0x0000,0x0000,0x0000,0x0000,0x0000,0x0000,
    0x0000,0x0000,0x0000,0x0000,0x0000,0x0000,0x0000,0x0000,0x0000,0x0000,0x0000,0x0000,
    0x0000,0x0000,0x0000,0x0000,0x0000,0x0000,0x0000,0x0000,0x0000,0x0000,0x0000,0x0000,
    0x0000,0x1106,0x19CB,0x21CC,0x1968,0x0000,0x0000,0x0000,0x0000,0x0000,0x0000,0x0000,
    0x1148,0x19CB,0x0883,0x0862,0x1968,0x220D,0x0000,0x0000,0x0000,0x0000,0x0883,0x0000,
    0x0020,0x0000,0x0062,0x0883,0x0000,0x08C5,0x21EC,0x1148,0x1148,0x21EC,0x10E5,0x0000,
    0x0883,0x220C,0x21EC,0x19CB,0x222D,0x08C5,0x0021,0x1107,0x1106,0x0021,0x0000,0x0000,
    0x0863,0x0000,0x0000,0x0000,0x0000,0x1148,0x1968,0x0062,0x0062,0x1968,0x08C5,0x0000,
    0x0020,0x19AA,0x220D,0x220D,0x21EC,0x0042,0x1106,0x21EC,0x21EC,0x1106,0x0000,0x0000,
    0x1148,0x1127,0x0000,0x0000,0x08A4,0x222E,0x0021,0x0000,0x0000,0x0021,0x08E5,0x0000,
    0x0000,0x0000,0x0000,0x0000,0x0000,0x0062,0x21EC,0x21CC,0x21CC,0x21EC,0x0883,0x0000,
    0x0000,0x0000,0x0000,0x0000,0x0000,0x0000,0x0000,0x0883,0x0883,0x0000,0x0000,0x0000,
};

static const uint16_t aprs_alt_icon_px_66[] PROGMEM = {  // 'x'
    0x0000,0x0000,0x0000,0x0000,0x0000,0x0000,0x0000,0x0000,0x0000,0x0000,0x0000,0x0000,
    0x0000,0x0000,0x1020,0x0000,0x0000,0x0000,0x0000,0x0000,0x0000,0x1020,0x0000,0x0000,
    0x0000,0x1820,0xC1A5,0x3061,0x0000,0x0000,0x0000,0x0000,0x3061,0xC1A5,0x1820,0x0000,
    0x0000,0x0000,0x3861,0xD1C5,0x3061,0x0000,0x0000,0x3061,0xD1C5,0x3861,0x0000,0x0000,
    0x0000,0x0000,0x0000,0x3061,0xD9C5,0x2861,0x2861,0xD9C5,0x3061,0x0000,0x0000,0x0000,
    0x0000,0x0000,0x0000,0x0000,0x2861,0xC9A5,0xC9A5,0x2861,0x0000,0x0000,0x0000,0x0000,
    0x0000,0x0000,0x0000,0x0000,0x2861,0xC9A5,0xC9A5,0x2861,0x0000,0x0000,0x0000,0x0000,
    0x0000,0x0000,0x0000,0x3061,0xD9C5,0x2861,0x2861,0xD9C5,0x3061,0x0000,0x0000,0x0000,
    0x0000,0x0000,0x3861,0xD1C5,0x3061,0x0000,0x0000,0x3061,0xD1C5,0x3861,0x0000,0x0000,
    0x0000,0x1820,0xC1A5,0x3061,0x0000,0x0000,0x0000,0x0000,0x3061,0xC1A5,0x1820,0x0000,
    0x0000,0x0000,0x1020,0x0000,0x0000,0x0000,0x0000,0x0000,0x0000,0x1020,0x0000,0x0000,
    0x0000,0x0000,0x0000,0x0000,0x0000,0x0000,0x0000,0x0000,0x0000,0x0000,0x0000,0x0000,
};

static const uint16_t aprs_alt_icon_px_67[] PROGMEM = {  // 'y'
    0x0000,0x0000,0x0000,0x0000,0x0000,0x0820,0x0820,0x0000,0x0000,0x0000,0x0000,0x0000,
    0x0000,0x0000,0x0000,0x4882,0xA164,0xD1C6,0xD1C6,0xA164,0x4882,0x0000,0x0000,0x0000,
    0x0000,0x0000,0x70E3,0xF206,0xF1E6,0xE964,0xE964,0xF1E6,0xF206,0x70E3,0x0000,0x0000,
    0x0000,0x4081,0xF206,0xE1A5,0xE207,0xEC91,0xEC91,0xE207,0xE1A5,0xF206,0x4081,0x0000,
    0x0000,0xA144,0xF1E6,0xE206,0xF679,0xEFFF,0xEFFF,0xF679,0xE206,0xF1E6,0xA144,0x0000,
    0x0820,0xD1C6,0xE984,0xEC91,0xEFDF,0x39A6,0x39A6,0xEFDF,0xEC91,0xE984,0xD1C6,0x0820,
    0x0820,0xD1C6,0xE984,0xEC91,0xEFDF,0x39A6,0x39A6,0xEFDF,0xEC91,0xE984,0xD1C6,0x0820,
    0x0000,0xA144,0xF1E6,0xE206,0xF679,0xEFFF,0xEFFF,0xF679,0xE206,0xF1E6,0xA144,0x0000,
    0x0000,0x4081,0xF206,0xE1A5,0xE207,0xEC91,0xEC91,0xE207,0xE1A5,0xF206,0x4081,0x0000,
    0x0000,0x0000,0x70E3,0xF206,0xF1E6,0xE964,0xE964,0xF1E6,0xF206,0x70E3,0x0000,0x0000,
    0x0000,0x0000,0x0000,0x4882,0xA164,0xD1C6,0xD1C6,0xA164,0x4882,0x0000,0x0000,0x0000,
    0x0000,0x0000,0x0000,0x0000,0x0000,0x0820,0x0820,0x0000,0x0000,0x0000,0x0000,0x0000,
};

static const uint16_t aprs_alt_icon_px_68[] PROGMEM = {  // 'z'
    0x0000,0x0000,0x0000,0x0000,0x0000,0x0000,0x0000,0x0000,0x0000,0x0000,0x0000,0x0000,
    0x0000,0x0000,0x0000,0x0000,0x0000,0x3061,0x50A2,0x0000,0x0000,0x0000,0x0000,0x0000,
    0x0000,0x0000,0x0000,0x0000,0x40A2,0xC9C6,0xE206,0x50C2,0x0000,0x0000,0x0000,0x0000,
    0x0000,0x0000,0x0000,0x50C2,0xDA06,0xD1E6,0xD1E6,0xDA06,0x58E3,0x0000,0x0000,0x0000,
    0x0000,0x0000,0x58A2,0xD9A5,0xD185,0xC985,0xD185,0xC985,0xE1C5,0x80E3,0x0000,0x0000,
    0x0000,0x68E3,0xE2EA,0xD32B,0xD32B,0xD30A,0xD30A,0xD32B,0xD32B,0xE2EA,0x68E3,0x0000,
    0x0000,0x1020,0xAD53,0xF77B,0xE719,0xEF7B,0xEF7B,0xE6F9,0xF77B,0xAD53,0x1020,0x0000,
    0x0000,0x0000,0xAD12,0xF73A,0xE6F9,0xACD0,0xACD0,0xE6F9,0xF73A,0xAD12,0x0000,0x0000,
    0x0000,0x0000,0xAD12,0xEF19,0xEF19,0x6A87,0x6A87,0xEF19,0xEF19,0xAD12,0x0000,0x0000,
    0x0000,0x0000,0xB573,0xFFBB,0xFF7B,0x7B29,0x7B29,0xFF7B,0xFFBB,0xB573,0x0000,0x0000,
    0x0000,0x0000,0x7BCD,0xB553,0xAD32,0x5206,0x5206,0xAD32,0xB553,0x7BCD,0x0000,0x0000,
    0x0000,0x0000,0x0000,0x0000,0x0000,0x0000,0x0000,0x0000,0x0000,0x0000,0x0000,0x0000,
};

static const APRSIconDef aprs_alt_icons[] = {
    { '-', aprs_alt_icon_px_0 },
    { '9', aprs_alt_icon_px_1 },
    { '>', aprs_alt_icon_px_2 },
    { 'O', aprs_alt_icon_px_3 },
    { '^', aprs_alt_icon_px_4 },
    { '_', aprs_alt_icon_px_5 },
    { 's', aprs_alt_icon_px_6 },
    { 'u', aprs_alt_icon_px_7 },
    { 'v', aprs_alt_icon_px_8 },
    { '|', aprs_alt_icon_px_9 },
    { '~', aprs_alt_icon_px_10 },
    { '#', aprs_alt_icon_px_11 },
    { '&', aprs_alt_icon_px_12 },
    { '!', aprs_alt_icon_px_13 },
    { '$', aprs_alt_icon_px_14 },
    { '%', aprs_alt_icon_px_15 },
    { '\'', aprs_alt_icon_px_16 },
    { '(', aprs_alt_icon_px_17 },
    { ')', aprs_alt_icon_px_18 },
    { '+', aprs_alt_icon_px_19 },
    { ',', aprs_alt_icon_px_20 },
    { '.', aprs_alt_icon_px_21 },
    { '/', aprs_alt_icon_px_22 },
    { ';', aprs_alt_icon_px_23 },
    { '<', aprs_alt_icon_px_24 },
    { '?', aprs_alt_icon_px_25 },
    { '@', aprs_alt_icon_px_26 },
    { 'A', aprs_alt_icon_px_27 },
    { 'C', aprs_alt_icon_px_28 },
    { 'D', aprs_alt_icon_px_29 },
    { 'E', aprs_alt_icon_px_30 },
    { 'H', aprs_alt_icon_px_31 },
    { 'I', aprs_alt_icon_px_32 },
    { 'K', aprs_alt_icon_px_33 },
    { 'L', aprs_alt_icon_px_34 },
    { 'M', aprs_alt_icon_px_35 },
    { 'N', aprs_alt_icon_px_36 },
    { 'P', aprs_alt_icon_px_37 },
    { 'Q', aprs_alt_icon_px_38 },
    { 'R', aprs_alt_icon_px_39 },
    { 'S', aprs_alt_icon_px_40 },
    { 'T', aprs_alt_icon_px_41 },
    { 'U', aprs_alt_icon_px_42 },
    { 'V', aprs_alt_icon_px_43 },
    { 'W', aprs_alt_icon_px_44 },
    { 'X', aprs_alt_icon_px_45 },
    { 'Y', aprs_alt_icon_px_46 },
    { '[', aprs_alt_icon_px_47 },
    { '\\', aprs_alt_icon_px_48 },
    { '`', aprs_alt_icon_px_49 },
    { 'a', aprs_alt_icon_px_50 },
    { 'c', aprs_alt_icon_px_51 },
    { 'd', aprs_alt_icon_px_52 },
    { 'e', aprs_alt_icon_px_53 },
    { 'f', aprs_alt_icon_px_54 },
    { 'g', aprs_alt_icon_px_55 },
    { 'h', aprs_alt_icon_px_56 },
    { 'i', aprs_alt_icon_px_57 },
    { 'j', aprs_alt_icon_px_58 },
    { 'l', aprs_alt_icon_px_59 },
    { 'm', aprs_alt_icon_px_60 },
    { 'n', aprs_alt_icon_px_61 },
    { 'o', aprs_alt_icon_px_62 },
    { 'r', aprs_alt_icon_px_63 },
    { 't', aprs_alt_icon_px_64 },
    { 'w', aprs_alt_icon_px_65 },
    { 'x', aprs_alt_icon_px_66 },
    { 'y', aprs_alt_icon_px_67 },
    { 'z', aprs_alt_icon_px_68 },
};
#define N_APRS_ALT_ICONS  NARRAY(aprs_alt_icons)
